2026-08-21 09:15:58.387,cobranza_obten_pre_sinc_exec,SOIdEstatus=1 FecIniVig=2026-05-31 00:00:00 FecFinVig=2027-05-31 00:00:00
2026-08-21 09:15:58.387,cobranza_obten_pre_sinc,isCorporativo=0 empresas=1 perfilesV2=11 isTC=0
2026-08-21 09:15:58.356,cobranza_obten_inicio,idEmpresa=186 idSolTipo=0 FecIni=2026-05-22 00:00 FecFin=2026-08-21 23:59 idVencida=1 idVIgencia=4235 perfiles=11
2026-08-21 02:25:50.967,cobranza_obten_pre_desglosada,Invocando ff_ObtenCobranzaDesg_Adaptada_bf3_nousar
2026-08-21 02:25:50.702,cobranza_obten_while_fin,procesados=3880 de 3880
2026-08-21 02:25:50.686,cobranza_obten_while_iter,contador=3851 de 3880
2026-08-21 02:25:50.671,cobranza_obten_while_iter,contador=3801 de 3880
2026-08-21 02:25:50.639,cobranza_obten_while_iter,contador=3751 de 3880
2026-08-21 02:25:50.624,cobranza_obten_while_iter,contador=3701 de 3880
2026-08-21 02:25:50.593,cobranza_obten_while_iter,contador=3651 de 3880
2026-08-21 02:25:50.577,cobranza_obten_while_iter,contador=3601 de 3880
2026-08-21 02:25:50.561,cobranza_obten_while_iter,contador=3551 de 3880
2026-08-21 02:25:50.530,cobranza_obten_while_iter,contador=3501 de 3880
2026-08-21 02:25:50.514,cobranza_obten_while_iter,contador=3451 de 3880
2026-08-21 02:25:50.483,cobranza_obten_while_iter,contador=3401 de 3880
2026-08-21 02:25:50.468,cobranza_obten_while_iter,contador=3351 de 3880
2026-08-21 02:25:50.452,cobranza_obten_while_iter,contador=3301 de 3880
2026-08-21 02:25:50.421,cobranza_obten_while_iter,contador=3251 de 3880
2026-08-21 02:25:50.389,cobranza_obten_while_iter,contador=3201 de 3880
2026-08-21 02:25:50.389,cobranza_obten_while_iter,contador=3151 de 3880
2026-08-21 02:25:50.374,cobranza_obten_while_iter,contador=3101 de 3880
2026-08-21 02:25:50.358,cobranza_obten_while_iter,contador=3051 de 3880
2026-08-21 02:25:50.327,cobranza_obten_while_iter,contador=3001 de 3880
2026-08-21 02:25:50.311,cobranza_obten_while_iter,contador=2951 de 3880
2026-08-21 02:25:50.296,cobranza_obten_while_iter,contador=2901 de 3880
2026-08-21 02:25:50.264,cobranza_obten_while_iter,contador=2851 de 3880
2026-08-21 02:25:50.249,cobranza_obten_while_iter,contador=2801 de 3880
2026-08-21 02:25:50.233,cobranza_obten_while_iter,contador=2751 de 3880
2026-08-21 02:25:50.202,cobranza_obten_while_iter,contador=2701 de 3880
2026-08-21 02:25:50.186,cobranza_obten_while_iter,contador=2651 de 3880
2026-08-21 02:25:50.171,cobranza_obten_while_iter,contador=2601 de 3880
2026-08-21 02:25:50.139,cobranza_obten_while_iter,contador=2551 de 3880
2026-08-21 02:25:50.124,cobranza_obten_while_iter,contador=2501 de 3880
2026-08-21 02:25:50.093,cobranza_obten_while_iter,contador=2451 de 3880
2026-08-21 02:25:50.077,cobranza_obten_while_iter,contador=2401 de 3880
2026-08-21 02:25:50.061,cobranza_obten_while_iter,contador=2351 de 3880
2026-08-21 02:25:50.030,cobranza_obten_while_iter,contador=2301 de 3880
2026-08-21 02:25:50.014,cobranza_obten_while_iter,contador=2251 de 3880
2026-08-21 02:25:49.999,cobranza_obten_while_iter,contador=2201 de 3880
2026-08-21 02:25:49.983,cobranza_obten_while_iter,contador=2151 de 3880
2026-08-21 02:25:49.968,cobranza_obten_while_iter,contador=2101 de 3880
2026-08-21 02:25:49.952,cobranza_obten_while_iter,contador=2051 de 3880
2026-08-21 02:25:49.921,cobranza_obten_while_iter,contador=2001 de 3880
2026-08-21 02:25:49.905,cobranza_obten_while_iter,contador=1951 de 3880
2026-08-21 02:25:49.889,cobranza_obten_while_iter,contador=1901 de 3880
2026-08-21 02:25:49.858,cobranza_obten_while_iter,contador=1851 de 3880
2026-08-21 02:25:49.843,cobranza_obten_while_iter,contador=1801 de 3880
2026-08-21 02:25:49.827,cobranza_obten_while_iter,contador=1751 de 3880
2026-08-21 02:25:49.796,cobranza_obten_while_iter,contador=1701 de 3880
2026-08-21 02:25:49.780,cobranza_obten_while_iter,contador=1651 de 3880
2026-08-21 02:25:49.764,cobranza_obten_while_iter,contador=1601 de 3880
2026-08-21 02:25:49.733,cobranza_obten_while_iter,contador=1551 de 3880
2026-08-21 02:25:49.718,cobranza_obten_while_iter,contador=1501 de 3880
2026-08-21 02:25:49.702,cobranza_obten_while_iter,contador=1451 de 3880
2026-08-21 02:25:49.671,cobranza_obten_while_iter,contador=1401 de 3880
2026-08-21 02:25:49.639,cobranza_obten_while_iter,contador=1351 de 3880
2026-08-21 02:25:49.608,cobranza_obten_while_iter,contador=1301 de 3880
2026-08-21 02:25:49.577,cobranza_obten_while_iter,contador=1251 de 3880
2026-08-21 02:25:49.546,cobranza_obten_while_iter,contador=1201 de 3880
2026-08-21 02:25:49.530,cobranza_obten_while_iter,contador=1151 de 3880
2026-08-21 02:25:49.514,cobranza_obten_while_iter,contador=1101 de 3880
2026-08-21 02:25:49.483,cobranza_obten_while_iter,contador=1051 de 3880
2026-08-21 02:25:49.468,cobranza_obten_while_iter,contador=1001 de 3880
2026-08-21 02:25:49.452,cobranza_obten_while_iter,contador=951 de 3880
2026-08-21 02:25:49.421,cobranza_obten_while_iter,contador=901 de 3880
2026-08-21 02:25:49.405,cobranza_obten_while_iter,contador=851 de 3880
2026-08-21 02:25:49.374,cobranza_obten_while_iter,contador=801 de 3880
2026-08-21 02:25:49.358,cobranza_obten_while_iter,contador=751 de 3880
2026-08-21 02:25:49.343,cobranza_obten_while_iter,contador=701 de 3880
2026-08-21 02:25:49.327,cobranza_obten_while_iter,contador=651 de 3880
2026-08-21 02:25:49.296,cobranza_obten_while_iter,contador=601 de 3880
2026-08-21 02:25:49.280,cobranza_obten_while_iter,contador=551 de 3880
2026-08-21 02:25:49.249,cobranza_obten_while_iter,contador=501 de 3880
2026-08-21 02:25:49.233,cobranza_obten_while_iter,contador=451 de 3880
2026-08-21 02:25:49.218,cobranza_obten_while_iter,contador=401 de 3880
2026-08-21 02:25:49.186,cobranza_obten_while_iter,contador=351 de 3880
2026-08-21 02:25:49.186,cobranza_obten_while_iter,contador=301 de 3880
2026-08-21 02:25:49.171,cobranza_obten_while_iter,contador=251 de 3880
2026-08-21 02:25:49.155,cobranza_obten_while_iter,contador=201 de 3880
2026-08-21 02:25:49.139,cobranza_obten_while_iter,contador=151 de 3880
2026-08-21 02:25:49.124,cobranza_obten_while_iter,contador=101 de 3880
2026-08-21 02:25:49.093,cobranza_obten_while_iter,contador=51 de 3880
2026-08-21 02:25:48.999,cobranza_obten_while_iter,contador=1 de 3880
2026-08-21 02:25:48.983,cobranza_obten_while_inicio,total_registros=3880
2026-08-21 02:25:48.983,cobranza_obten_post_insert,filas_tablatemp=3880
2026-08-21 01:52:48.932,cobranza_obten_pre_insert_diag,ec_cobranza=795493 sol_vig=3891 sol_estatus1=3881 sol_tipo1=3891 sol_rango_fecha=3881 join_ec_cobranza=4204 ff_EdoCuenta=579814 ff_EdoCuentaCobranza2=581966 join_ec_cobranza2=4270
2026-08-21 01:52:48.916,cobranza_obten_vigencias_ec,"vigencia_actual=4235 top5_con_datos: v481=5724 v633=5690 v2388=5637 v389=5620 v1998=5571 "
2026-08-21 01:52:42.635,cobranza_obten_post_empleados,filas_empleadotemp=9265
2026-08-21 01:52:41.307,cobranza_obten_pre_empleados,cantidadPagos=1 MesApl=7 AnioApl=2026
2026-08-21 01:52:41.291,cobranza_obten_post_sinc,sincronizacion completada
2026-08-21 01:49:32.291,cobranza_obten_pre_sinc_exec,SOIdEstatus=1 FecIniVig=2026-05-31 00:00:00 FecFinVig=2027-05-31 00:00:00
2026-08-21 01:49:32.291,cobranza_obten_pre_sinc,isCorporativo=0 empresas=1 perfilesV2=11 isTC=0
2026-08-21 01:49:32.213,cobranza_obten_inicio,idEmpresa=186 idSolTipo=1 FecIni=2026-05-22 00:00 FecFin=2026-08-20 23:58 idVencida=1 idVIgencia=4235 perfiles=11
2026-08-21 01:45:25.728,cobranza_obten_pre_insert_diag,ec_cobranza=795493 sol_vig=3891 sol_estatus1=3881 sol_tipo1=3891 sol_rango_fecha=3891 join_ec_cobranza=4204 ff_EdoCuenta=579814 ff_EdoCuentaCobranza2=581966 join_ec_cobranza2=4270
2026-08-21 01:45:25.728,cobranza_obten_vigencias_ec,"vigencia_actual=4235 top5_con_datos: v481=5724 v633=5690 v2388=5637 v389=5620 v1998=5571 "
2026-08-21 01:45:22.103,cobranza_obten_post_empleados,filas_empleadotemp=9265
2026-08-21 01:45:21.306,cobranza_obten_pre_empleados,cantidadPagos=1 MesApl=7 AnioApl=2026
2026-08-21 01:45:21.275,cobranza_obten_post_sinc,sincronizacion completada
2026-08-21 01:42:04.384,cobranza_obten_pre_sinc_exec,SOIdEstatus=1 FecIniVig=2026-05-31 00:00:00 FecFinVig=2027-05-31 00:00:00
2026-08-21 01:42:04.368,cobranza_obten_pre_sinc,isCorporativo=0 empresas=1 perfilesV2=11 isTC=0
