0,1,EmpleadoDocumento,NombrePestana,1,1,NULL,NULL,NULL,Derecha,#5B6770,#FFFFFF,1,0,2026-02-13 21:19:13.403,NULL,2026-02-13 21:19:13.403,NULL,2026-02-13 21:19:13.403
0,1,EmpleadosBemobile,NombrePestana,1,0,NULL,NULL,NULL,Derecha,#5B6770,#FFFFFF,1,0,2026-02-13 21:19:13.520,NULL,2026-02-13 21:19:13.520,NULL,2026-02-13 21:19:13.520
0,2,PoblacionActiva,PoblacionActiva,1,0,NULL,NULL,NULL,Derecha,#5B6770,#FFFFFF,1,0,2026-02-13 21:19:13.623,NULL,2026-02-13 21:19:13.623,NULL,2026-02-13 21:19:13.623
0,2,PoblacionActivaConSueldo,PoblacionActiva,1,0,NULL,NULL,NULL,Derecha,#5B6770,#FFFFFF,1,0,2026-02-13 21:19:13.623,NULL,2026-02-13 21:19:13.623,NULL,2026-02-13 21:19:13.623
0,2,PoblacionAlta,Altas,1,0,NULL,NULL,NULL,Derecha,#5B6770,#FFFFFF,1,0,2026-02-13 21:19:13.623,NULL,2026-02-13 21:19:13.623,NULL,2026-02-13 21:19:13.623
0,2,PoblacionAltaConSueldo,Altas,1,0,NULL,NULL,NULL,Derecha,#5B6770,#FFFFFF,1,0,2026-02-13 21:19:13.623,NULL,2026-02-13 21:19:13.623,NULL,2026-02-13 21:19:13.623
0,2,PoblacionBaja,Bajas,1,0,NULL,NULL,NULL,Derecha,#5B6770,#FFFFFF,1,0,2026-02-13 21:19:13.623,NULL,2026-02-13 21:19:13.623,NULL,2026-02-13 21:19:13.623
0,2,PoblacionInactiva,Inactivos,1,0,NULL,NULL,NULL,Derecha,#5B6770,#FFFFFF,1,0,2026-02-13 21:19:13.623,NULL,2026-02-13 21:19:13.623,NULL,2026-02-13 21:19:13.623
0,2,PoblacionInactivaConSueldo,Inactivos,1,0,NULL,NULL,NULL,Derecha,#5B6770,#FFFFFF,1,0,2026-02-13 21:19:13.623,NULL,2026-02-13 21:19:13.623,NULL,2026-02-13 21:19:13.623
0,2,PoblacionModificacion,Modificaciones,1,0,NULL,NULL,NULL,Derecha,#5B6770,#FFFFFF,1,0,2026-02-13 21:19:13.623,NULL,2026-02-13 21:19:13.623,NULL,2026-02-13 21:19:13.623
0,2,PoblacionTotal,PoblacionTotal,1,0,NULL,NULL,NULL,Derecha,#5B6770,#FFFFFF,1,0,2026-02-13 21:19:13.623,NULL,2026-02-13 21:19:13.623,NULL,2026-02-13 21:19:13.623
0,2,PoblacionTotalConSueldo,PoblacionTotal,1,0,NULL,NULL,NULL,Derecha,#5B6770,#FFFFFF,1,0,2026-02-13 21:19:13.623,NULL,2026-02-13 21:19:13.623,NULL,2026-02-13 21:19:13.623
0,3,GMM,NombrePestana,1,0,NULL,NULL,NULL,Derecha,#0D6EFD,White,1,0,2026-02-13 21:19:13.730,NULL,2026-02-13 21:19:13.730,NULL,2026-02-13 21:19:13.730
0,3,Mascotas,NombrePestana,0,3,NULL,NULL,NULL,Derecha,#0D6EFD,White,1,0,2026-06-26 21:20:36.830,NULL,2026-06-26 21:20:36.830,NULL,2026-06-26 21:20:36.830
0,3,OPC,NombrePestana,1,2,NULL,NULL,NULL,Derecha,#0D6EFD,White,1,0,2026-02-13 21:19:13.953,NULL,2026-02-13 21:19:13.953,NULL,2026-02-13 21:19:13.953
0,3,Opcionales,NombrePestana,1,2,NULL,0,0,Derecha,Blue,NULL,1,25,2026-08-17 14:26:56.853,NULL,2026-08-17 14:26:56.853,NULL,2026-08-17 14:26:56.853
0,3,Vida,NombrePestana,1,1,NULL,NULL,NULL,Derecha,#0D6EFD,White,1,0,2026-02-13 21:19:13.843,NULL,2026-02-13 21:19:13.843,NULL,2026-02-13 21:19:13.843
0,4,Costo_Concentrado,NULL,0,1,Costo_Concentrado,0,0,NULL,#003478,White,1,0,2026-02-13 21:19:14.177,NULL,2026-02-13 21:19:14.177,NULL,2026-02-13 21:19:14.177
0,4,Costo_Detalle,NULL,0,2,Costo_Detalle,0,0,NULL,#003478,White,1,0,2026-02-13 21:19:14.287,NULL,2026-02-13 21:19:14.287,NULL,2026-02-13 21:19:14.287
0,4,Creditos_Concentrado,NULL,0,0,Creditos_Concentrado,0,0,NULL,#003478,White,1,0,2026-02-13 21:19:14.077,NULL,2026-02-13 21:19:14.077,NULL,2026-02-13 21:19:14.077
0,4,Titular_Detalle,NULL,0,3,Titular_Detalle,0,0,NULL,#003478,White,1,0,2026-02-13 21:19:14.447,NULL,2026-02-13 21:19:14.447,NULL,2026-02-13 21:19:14.447
0,5,Bitácora_Navegación,NombrePestaña,1,0,NULL,NULL,NULL,Derecha,#5B6770,#FFFFFF,1,0,2026-02-13 21:19:14.563,NULL,2026-02-13 21:19:14.563,NULL,2026-02-13 21:19:14.563
0,6,Detalles,NombrePestaña,1,1,NULL,NULL,NULL,Derecha,#5B6770,#FFFFFF,1,0,2026-02-13 21:19:14.797,NULL,2026-02-13 21:19:14.797,NULL,2026-02-13 21:19:14.797
0,6,Empresas,NombrePestaña,1,0,NULL,NULL,NULL,Derecha,#5B6770,#FFFFFF,1,0,2026-02-13 21:19:14.687,NULL,2026-02-13 21:19:14.687,NULL,2026-02-13 21:19:14.687
0,7,Detalle,NULL,0,0,Detalle,0,0,NULL,#737F8B,#FFFFFF,1,0,2026-02-13 21:19:14.900,NULL,2026-02-13 21:19:14.900,NULL,2026-02-13 21:19:14.900
0,7,Perfiles,Sesiones por Perfil,0,2,Resumen,0,0,NULL,#737F8B,#FFFFFF,1,0,2026-02-13 21:19:15.197,NULL,2026-02-13 21:19:15.197,NULL,2026-02-13 21:19:15.197
0,7,Periodo,Usuarios nuevos por periodo,0,4,Resumen,0,0,NULL,#737F8B,#FFFFFF,1,0,2026-02-13 21:19:15.457,NULL,2026-02-13 21:19:15.457,NULL,2026-02-13 21:19:15.457
0,7,Razon_Social,Sesiones por razón social,0,1,Resumen,0,0,NULL,#737F8B,#FFFFFF,1,0,2026-02-13 21:19:15.080,NULL,2026-02-13 21:19:15.080,NULL,2026-02-13 21:19:15.080
0,7,Uso_SO,Sesiones por Uso Sistema Operativo (SO),0,3,Resumen,0,0,NULL,#737F8B,#FFFFFF,1,0,2026-02-13 21:19:15.303,NULL,2026-02-13 21:19:15.303,NULL,2026-02-13 21:19:15.303
0,8,Altas_Bajas,NombrePestana,1,0,NULL,NULL,NULL,Derecha,#969696,#FFFFFF,1,0,2026-02-13 21:19:15.580,NULL,2026-02-13 21:19:15.580,NULL,2026-02-13 21:19:15.580
0,8,Modificaciones,NombrePestana,1,1,NULL,NULL,NULL,Derecha,#969696,#FFFFFF,1,0,2026-02-13 21:19:15.707,NULL,2026-02-13 21:19:15.707,NULL,2026-02-13 21:19:15.707
0,11,Concentrada,NULL,0,1,NULL,0,0,Izquierda,Gray,White,1,0,2026-08-25 00:48:11.630,NULL,2026-08-25 00:48:11.630,NULL,2026-08-25 00:48:11.630
0,11,ConteoParentesco,NULL,0,10,Conteo por parentesco,0,0,Izquierda,Gray,White,1,0,2026-08-25 00:48:11.630,NULL,2026-08-25 00:48:11.630,NULL,2026-08-25 00:48:11.630
0,11,CuadrosPrimas,NULL,0,8,Cuadros de primas netas,0,0,Izquierda,Gray,White,1,0,2026-08-25 00:48:11.630,NULL,2026-08-25 00:48:11.630,NULL,2026-08-25 00:48:11.630
0,11,Desglosada,NULL,0,2,NULL,0,0,Izquierda,Gray,White,1,0,2026-08-25 00:48:11.630,NULL,2026-08-25 00:48:11.630,NULL,2026-08-25 00:48:11.630
0,11,Dispersiones,NULL,0,5,NULL,0,0,Izquierda,Gray,White,1,0,2026-08-25 00:48:11.630,NULL,2026-08-25 00:48:11.630,NULL,2026-08-25 00:48:11.630
0,11,Informacion,NULL,0,0,NULL,0,0,Izquierda,Gray,White,1,0,2026-08-25 00:48:11.630,NULL,2026-08-25 00:48:11.630,NULL,2026-08-25 00:48:11.630
0,11,Liquidaciones,NULL,0,4,NULL,0,0,Izquierda,Gray,White,1,0,2026-08-25 00:48:11.630,NULL,2026-08-25 00:48:11.630,NULL,2026-08-25 00:48:11.630
0,11,PlanesParentesco,NULL,0,11,NULL,0,0,Izquierda,Gray,White,1,0,2026-08-25 00:48:11.630,NULL,2026-08-25 00:48:11.630,NULL,2026-08-25 00:48:11.630
0,11,SubtotalesRamo,NULL,0,7,Subtotales por ramo,0,0,Izquierda,Gray,White,1,0,2026-08-25 00:48:11.630,NULL,2026-08-25 00:48:11.630,NULL,2026-08-25 00:48:11.630
0,11,TotalOpcion,NULL,0,9,Total por opcion,0,0,Izquierda,Gray,White,1,0,2026-08-25 00:48:11.630,NULL,2026-08-25 00:48:11.630,NULL,2026-08-25 00:48:11.630
0,11,TotalPlan,NULL,0,6,Total por plan,0,0,Izquierda,Gray,White,1,0,2026-08-25 00:48:11.630,NULL,2026-08-25 00:48:11.630,NULL,2026-08-25 00:48:11.630
0,11,Transacciones,NULL,0,3,NULL,0,0,Izquierda,Gray,White,1,0,2026-08-25 00:48:11.630,NULL,2026-08-25 00:48:11.630,NULL,2026-08-25 00:48:11.630
64,3,GMM,NombrePestana,1,0,NULL,0,0,Izquierda,Blue,NULL,1,25,2026-08-17 14:26:56.870,NULL,2026-08-17 14:26:56.870,NULL,2026-08-17 14:26:56.870
64,3,Opcionales,NombrePestana,1,2,NULL,0,0,Derecha,Blue,NULL,1,25,2026-08-17 14:26:56.887,NULL,2026-08-17 14:26:56.887,NULL,2026-08-17 14:26:56.887
64,3,Vida,NombrePestana,1,1,NULL,0,0,Derecha,Blue,NULL,1,25,2026-08-17 14:26:56.870,NULL,2026-08-17 14:26:56.870,NULL,2026-08-17 14:26:56.870
66,3,GMM,NombrePestana,1,0,NULL,0,0,Izquierda,Blue,NULL,1,25,2026-08-17 14:26:56.887,NULL,2026-08-17 14:26:56.887,NULL,2026-08-17 14:26:56.887
66,3,Opcionales,NombrePestana,1,2,NULL,0,0,Derecha,Blue,NULL,1,25,2026-08-17 14:26:56.887,NULL,2026-08-17 14:26:56.887,NULL,2026-08-17 14:26:56.887
66,3,Vida,NombrePestana,1,1,NULL,0,0,Derecha,Blue,NULL,1,25,2026-08-17 14:26:56.887,NULL,2026-08-17 14:26:56.887,NULL,2026-08-17 14:26:56.887
67,3,GMM,NombrePestana,1,0,NULL,0,0,Izquierda,Blue,NULL,1,25,2026-08-17 14:26:56.900,NULL,2026-08-17 14:26:56.900,NULL,2026-08-17 14:26:56.900
67,3,Opcionales,NombrePestana,1,2,NULL,0,0,Derecha,Blue,NULL,1,25,2026-08-17 14:26:56.997,NULL,2026-08-17 14:26:56.997,NULL,2026-08-17 14:26:56.997
67,3,Vida,NombrePestana,1,1,NULL,0,0,Derecha,Blue,NULL,1,25,2026-08-17 14:26:56.917,NULL,2026-08-17 14:26:56.917,NULL,2026-08-17 14:26:56.917
71,3,GMM,NombrePestana,1,0,NULL,0,0,Izquierda,Blue,NULL,1,25,2026-08-17 14:26:57.090,NULL,2026-08-17 14:26:57.090,NULL,2026-08-17 14:26:57.090
71,3,Opcionales,NombrePestana,1,2,NULL,0,0,Derecha,Blue,NULL,1,25,2026-08-17 14:26:57.260,NULL,2026-08-17 14:26:57.260,NULL,2026-08-17 14:26:57.260
71,3,Vida,NombrePestana,1,1,NULL,0,0,Derecha,Blue,NULL,1,25,2026-08-17 14:26:57.183,NULL,2026-08-17 14:26:57.183,NULL,2026-08-17 14:26:57.183
72,3,GMM,NombrePestana,1,0,NULL,0,0,Izquierda,Blue,NULL,1,25,2026-08-17 14:26:57.357,NULL,2026-08-17 14:26:57.357,NULL,2026-08-17 14:26:57.357
72,3,Opcionales,NombrePestana,1,2,NULL,0,0,Derecha,Blue,NULL,1,25,2026-08-17 14:26:57.510,NULL,2026-08-17 14:26:57.510,NULL,2026-08-17 14:26:57.510
72,3,Vida,NombrePestana,1,1,NULL,0,0,Derecha,Blue,NULL,1,25,2026-08-17 14:26:57.450,NULL,2026-08-17 14:26:57.450,NULL,2026-08-17 14:26:57.450
73,3,GMM,NombrePestana,1,0,NULL,0,0,Izquierda,Blue,NULL,1,25,2026-08-17 14:26:57.607,NULL,2026-08-17 14:26:57.607,NULL,2026-08-17 14:26:57.607
73,3,Opcionales,NombrePestana,1,2,NULL,0,0,Derecha,Blue,NULL,1,25,2026-08-17 14:26:57.777,NULL,2026-08-17 14:26:57.777,NULL,2026-08-17 14:26:57.777
73,3,Vida,NombrePestana,1,1,NULL,0,0,Derecha,Blue,NULL,1,25,2026-08-17 14:26:57.700,NULL,2026-08-17 14:26:57.700,NULL,2026-08-17 14:26:57.700
77,3,GMM,NombrePestana,1,0,NULL,0,0,Izquierda,Blue,NULL,1,25,2026-08-17 14:26:57.870,NULL,2026-08-17 14:26:57.870,NULL,2026-08-17 14:26:57.870
77,3,Opcionales,NombrePestana,1,2,NULL,0,0,Derecha,Blue,NULL,1,25,2026-08-17 14:26:58.090,NULL,2026-08-17 14:26:58.090,NULL,2026-08-17 14:26:58.090
77,3,Vida,NombrePestana,1,1,NULL,0,0,Derecha,Blue,NULL,1,25,2026-08-17 14:26:57.950,NULL,2026-08-17 14:26:57.950,NULL,2026-08-17 14:26:57.950
89,3,GMM,NombrePestana,1,0,NULL,0,0,Derecha,Blue,NULL,1,25,2026-08-17 14:26:58.200,NULL,2026-08-17 14:26:58.200,NULL,2026-08-17 14:26:58.200
89,3,Opcionales,NombrePestana,1,2,NULL,0,0,Derecha,Blue,NULL,1,25,2026-08-17 14:26:58.467,NULL,2026-08-17 14:26:58.467,NULL,2026-08-17 14:26:58.467
89,3,Vida,NombrePestana,1,1,NULL,0,0,Derecha,Blue,NULL,1,25,2026-08-17 14:26:58.357,NULL,2026-08-17 14:26:58.357,NULL,2026-08-17 14:26:58.357
90,3,GMM,NombrePestana,1,0,NULL,0,0,Izquierda,Blue,NULL,1,25,2026-08-17 14:26:58.560,NULL,2026-08-17 14:26:58.560,NULL,2026-08-17 14:26:58.560
90,3,Opcionales,NombrePestana,1,2,NULL,0,0,Izquierda,Blue,NULL,1,25,2026-08-17 14:26:58.717,NULL,2026-08-17 14:26:58.717,NULL,2026-08-17 14:26:58.717
90,3,Vida,NombrePestana,1,1,NULL,0,0,Izquierda,Blue,NULL,1,25,2026-08-17 14:26:58.683,NULL,2026-08-17 14:26:58.683,NULL,2026-08-17 14:26:58.683
92,3,GMM,NombrePestana,1,0,NULL,0,0,Izquierda,Blue,NULL,1,25,2026-08-17 14:26:58.810,NULL,2026-08-17 14:26:58.810,NULL,2026-08-17 14:26:58.810
92,3,Opcionales,NombrePestana,1,2,NULL,0,0,Derecha,Blue,NULL,1,25,2026-08-17 14:26:58.983,NULL,2026-08-17 14:26:58.983,NULL,2026-08-17 14:26:58.983
92,3,Vida,NombrePestana,1,1,NULL,0,0,Derecha,Blue,NULL,1,25,2026-08-17 14:26:58.903,NULL,2026-08-17 14:26:58.903,NULL,2026-08-17 14:26:58.903
93,3,GMM,NombrePestana,1,0,NULL,0,0,Izquierda,Blue,NULL,1,25,2026-08-17 14:26:59.077,NULL,2026-08-17 14:26:59.077,NULL,2026-08-17 14:26:59.077
93,3,Opcionales,NombrePestana,1,2,NULL,0,0,Derecha,Blue,NULL,1,25,2026-08-17 14:26:59.263,NULL,2026-08-17 14:26:59.263,NULL,2026-08-17 14:26:59.263
93,3,Vida,NombrePestana,1,1,NULL,0,0,Derecha,Blue,NULL,1,25,2026-08-17 14:26:59.170,NULL,2026-08-17 14:26:59.170,NULL,2026-08-17 14:26:59.170
94,3,GMM,NombrePestana,1,0,NULL,0,0,Izquierda,Blue,NULL,1,25,2026-08-17 14:26:59.340,NULL,2026-08-17 14:26:59.340,NULL,2026-08-17 14:26:59.340
94,3,Opcionales,NombrePestana,1,2,NULL,0,0,Izquierda,Blue,NULL,1,25,2026-08-17 14:26:59.467,NULL,2026-08-17 14:26:59.467,NULL,2026-08-17 14:26:59.467
94,3,Vida,NombrePestana,1,1,NULL,0,0,Izquierda,Blue,NULL,1,25,2026-08-17 14:26:59.420,NULL,2026-08-17 14:26:59.420,NULL,2026-08-17 14:26:59.420
115,3,GMM,NombrePestana,1,0,NULL,0,0,Izquierda,Blue,NULL,1,25,2026-08-17 14:26:59.607,NULL,2026-08-17 14:26:59.607,NULL,2026-08-17 14:26:59.607
115,3,Opcionales,NombrePestana,1,2,NULL,0,0,Derecha,Blue,NULL,1,25,2026-08-17 14:26:59.843,NULL,2026-08-17 14:26:59.843,NULL,2026-08-17 14:26:59.843
115,3,Vida,NombrePestana,1,1,NULL,0,0,Derecha,Blue,NULL,1,25,2026-08-17 14:26:59.700,NULL,2026-08-17 14:26:59.700,NULL,2026-08-17 14:26:59.700
116,3,OPC,NombrePestana,1,2,NULL,NULL,NULL,Derecha,#0D6EFD,White,1,0,2026-08-24 23:05:00.050,NULL,2026-08-24 23:05:00.050,NULL,2026-08-24 23:05:00.050
117,3,OPC,NombrePestana,1,2,NULL,NULL,NULL,Derecha,#0D6EFD,White,1,0,2026-08-24 23:05:00.050,NULL,2026-08-24 23:05:00.050,NULL,2026-08-24 23:05:00.050
119,3,GMM,NombrePestana,1,0,NULL,0,0,Izquierda,Blue,NULL,1,25,2026-08-17 14:26:59.950,NULL,2026-08-17 14:26:59.950,NULL,2026-08-17 14:26:59.950
119,3,Opcionales,NombrePestana,1,2,NULL,0,0,Izquierda,Blue,NULL,1,25,2026-08-17 14:27:00.123,NULL,2026-08-17 14:27:00.123,NULL,2026-08-17 14:27:00.123
119,3,Vida,NombrePestana,1,1,NULL,0,0,Izquierda,Blue,NULL,1,25,2026-08-17 14:27:00.030,NULL,2026-08-17 14:27:00.030,NULL,2026-08-17 14:27:00.030
142,3,GMM,NombrePestana,1,0,NULL,0,0,Izquierda,Blue,NULL,1,25,2026-08-17 14:27:00.217,NULL,2026-08-17 14:27:00.217,NULL,2026-08-17 14:27:00.217
142,3,Opcionales,NombrePestana,1,2,NULL,0,0,Izquierda,Blue,NULL,1,25,2026-08-17 14:27:00.420,NULL,2026-08-17 14:27:00.420,NULL,2026-08-17 14:27:00.420
142,3,Vida,NombrePestana,1,1,NULL,0,0,Izquierda,Blue,NULL,1,25,2026-08-17 14:27:00.310,NULL,2026-08-17 14:27:00.310,NULL,2026-08-17 14:27:00.310
143,3,GMM,NombrePestana,1,0,NULL,0,0,Izquierda,Blue,NULL,1,25,2026-08-17 14:27:00.547,NULL,2026-08-17 14:27:00.547,NULL,2026-08-17 14:27:00.547
143,3,Opcionales,NombrePestana,1,2,NULL,0,0,Izquierda,Blue,NULL,1,25,2026-08-17 14:27:00.813,NULL,2026-08-17 14:27:00.813,NULL,2026-08-17 14:27:00.813
143,3,Vida,NombrePestana,1,1,NULL,0,0,Izquierda,Blue,NULL,1,25,2026-08-17 14:27:00.687,NULL,2026-08-17 14:27:00.687,NULL,2026-08-17 14:27:00.687
144,3,GMM,NombrePestana,1,0,NULL,0,0,Izquierda,Blue,NULL,1,25,2026-08-17 14:27:00.907,NULL,2026-08-17 14:27:00.907,NULL,2026-08-17 14:27:00.907
144,3,Opcionales,NombrePestana,1,2,NULL,0,0,Izquierda,Blue,NULL,1,25,2026-08-17 14:27:01.093,NULL,2026-08-17 14:27:01.093,NULL,2026-08-17 14:27:01.093
144,3,Vida,NombrePestana,1,1,NULL,0,0,Izquierda,Blue,NULL,1,25,2026-08-17 14:27:01.000,NULL,2026-08-17 14:27:01.000,NULL,2026-08-17 14:27:01.000
145,3,GMM,NombrePestana,1,0,NULL,0,0,Izquierda,Blue,NULL,1,25,2026-08-17 14:27:01.187,NULL,2026-08-17 14:27:01.187,NULL,2026-08-17 14:27:01.187
145,3,Opcionales,NombrePestana,1,2,NULL,0,0,Izquierda,Blue,NULL,1,25,2026-08-17 14:27:01.377,NULL,2026-08-17 14:27:01.377,NULL,2026-08-17 14:27:01.377
145,3,Vida,NombrePestana,1,1,NULL,0,0,Izquierda,Blue,NULL,1,25,2026-08-17 14:27:01.280,NULL,2026-08-17 14:27:01.280,NULL,2026-08-17 14:27:01.280
149,3,GMM,NombrePestana,1,0,NULL,0,0,Izquierda,Blue,NULL,1,25,2026-08-17 14:27:01.470,NULL,2026-08-17 14:27:01.470,NULL,2026-08-17 14:27:01.470
149,3,Opcionales,NombrePestana,1,2,NULL,0,0,Izquierda,Blue,NULL,1,25,2026-08-17 14:27:01.657,NULL,2026-08-17 14:27:01.657,NULL,2026-08-17 14:27:01.657
149,3,Vida,NombrePestana,1,1,NULL,0,0,Izquierda,Blue,NULL,1,25,2026-08-17 14:27:01.563,NULL,2026-08-17 14:27:01.563,NULL,2026-08-17 14:27:01.563
150,3,GMM,NombrePestana,1,0,NULL,0,0,Izquierda,Blue,NULL,1,25,2026-08-17 14:27:01.767,NULL,2026-08-17 14:27:01.767,NULL,2026-08-17 14:27:01.767
150,3,Opcionales,NombrePestana,1,2,NULL,0,0,Izquierda,Blue,NULL,1,25,2026-08-17 14:27:01.953,NULL,2026-08-17 14:27:01.953,NULL,2026-08-17 14:27:01.953
150,3,Vida,NombrePestana,1,1,NULL,0,0,Izquierda,Blue,NULL,1,25,2026-08-17 14:27:01.860,NULL,2026-08-17 14:27:01.860,NULL,2026-08-17 14:27:01.860
151,3,GMM,NombrePestana,1,0,NULL,0,0,Izquierda,Blue,NULL,1,25,2026-08-17 14:27:02.080,NULL,2026-08-17 14:27:02.080,NULL,2026-08-17 14:27:02.080
151,3,Opcionales,NombrePestana,1,2,NULL,0,0,Izquierda,Blue,NULL,1,25,2026-08-17 14:27:02.267,NULL,2026-08-17 14:27:02.267,NULL,2026-08-17 14:27:02.267
151,3,Vida,NombrePestana,1,1,NULL,0,0,Izquierda,Blue,NULL,1,25,2026-08-17 14:27:02.173,NULL,2026-08-17 14:27:02.173,NULL,2026-08-17 14:27:02.173
152,3,GMM,NombrePestana,1,0,NULL,0,0,Izquierda,Blue,NULL,1,25,2026-08-17 14:27:02.360,NULL,2026-08-17 14:27:02.360,NULL,2026-08-17 14:27:02.360
152,3,Opcionales,NombrePestana,1,2,NULL,0,0,Izquierda,Blue,NULL,1,25,2026-08-17 14:27:02.610,NULL,2026-08-17 14:27:02.610,NULL,2026-08-17 14:27:02.610
152,3,Vida,NombrePestana,1,1,NULL,0,0,Izquierda,Blue,NULL,1,25,2026-08-17 14:27:02.517,NULL,2026-08-17 14:27:02.517,NULL,2026-08-17 14:27:02.517
153,3,GMM,NombrePestana,1,0,NULL,0,0,Izquierda,Blue,NULL,1,25,2026-08-17 14:27:02.737,NULL,2026-08-17 14:27:02.737,NULL,2026-08-17 14:27:02.737
153,3,Opcionales,NombrePestana,1,2,NULL,0,0,Izquierda,Blue,NULL,1,25,2026-08-17 14:27:02.910,NULL,2026-08-17 14:27:02.910,NULL,2026-08-17 14:27:02.910
153,3,Vida,NombrePestana,1,1,NULL,0,0,Izquierda,Blue,NULL,1,25,2026-08-17 14:27:02.813,NULL,2026-08-17 14:27:02.813,NULL,2026-08-17 14:27:02.813
155,3,GMM,NombrePestana,1,0,NULL,0,0,Izquierda,Blue,NULL,1,25,2026-08-17 14:27:03.003,NULL,2026-08-17 14:27:03.003,NULL,2026-08-17 14:27:03.003
155,3,Opcionales,NombrePestana,1,2,NULL,0,0,Derecha,Blue,NULL,1,25,2026-08-17 14:27:03.300,NULL,2026-08-17 14:27:03.300,NULL,2026-08-17 14:27:03.300
155,3,Vida,NombrePestana,1,1,NULL,0,0,Derecha,Blue,NULL,1,25,2026-08-17 14:27:03.143,NULL,2026-08-17 14:27:03.143,NULL,2026-08-17 14:27:03.143
160,3,GMM,NombrePestana,1,0,NULL,0,0,Izquierda,Blue,NULL,1,25,2026-08-17 14:27:03.380,NULL,2026-08-17 14:27:03.380,NULL,2026-08-17 14:27:03.380
160,3,Opcionales,NombrePestana,1,2,NULL,0,0,Derecha,Blue,NULL,1,25,2026-08-17 14:27:03.567,NULL,2026-08-17 14:27:03.567,NULL,2026-08-17 14:27:03.567
160,3,Vida,NombrePestana,1,1,NULL,0,0,Derecha,Blue,NULL,1,25,2026-08-17 14:27:03.470,NULL,2026-08-17 14:27:03.470,NULL,2026-08-17 14:27:03.470
161,3,GMM,NombrePestana,1,0,NULL,0,0,Izquierda,Blue,NULL,1,25,2026-08-17 14:27:03.660,NULL,2026-08-17 14:27:03.660,NULL,2026-08-17 14:27:03.660
161,3,Opcionales,NombrePestana,1,2,NULL,0,0,Derecha,Blue,NULL,1,25,2026-08-17 14:27:03.863,NULL,2026-08-17 14:27:03.863,NULL,2026-08-17 14:27:03.863
161,3,Vida,NombrePestana,1,1,NULL,0,0,Derecha,Blue,NULL,1,25,2026-08-17 14:27:03.753,NULL,2026-08-17 14:27:03.753,NULL,2026-08-17 14:27:03.753
164,3,GMM,NombrePestana,1,0,NULL,0,0,Izquierda,Blue,NULL,1,25,2026-08-17 14:27:03.973,NULL,2026-08-17 14:27:03.973,NULL,2026-08-17 14:27:03.973
164,3,Opcionales,NombrePestana,1,2,NULL,0,0,Derecha,Blue,NULL,1,25,2026-08-17 14:27:04.177,NULL,2026-08-17 14:27:04.177,NULL,2026-08-17 14:27:04.177
164,3,Vida,NombrePestana,1,1,NULL,0,0,Derecha,Blue,NULL,1,25,2026-08-17 14:27:04.067,NULL,2026-08-17 14:27:04.067,NULL,2026-08-17 14:27:04.067
166,3,GMM,NombrePestana,1,0,NULL,0,0,Izquierda,Blue,NULL,1,25,2026-08-17 14:27:04.300,NULL,2026-08-17 14:27:04.300,NULL,2026-08-17 14:27:04.300
166,3,Opcionales,NombrePestana,1,2,NULL,0,0,Derecha,Blue,NULL,1,25,2026-08-17 14:27:04.520,NULL,2026-08-17 14:27:04.520,NULL,2026-08-17 14:27:04.520
166,3,Vida,NombrePestana,1,1,NULL,0,0,Derecha,Blue,NULL,1,25,2026-08-17 14:27:04.427,NULL,2026-08-17 14:27:04.427,NULL,2026-08-17 14:27:04.427
168,3,GMM,NombrePestana,1,0,NULL,0,0,Izquierda,Blue,NULL,1,25,2026-08-17 14:27:04.630,NULL,2026-08-17 14:27:04.630,NULL,2026-08-17 14:27:04.630
168,3,Opcionales,NombrePestana,1,2,NULL,0,0,Izquierda,Blue,NULL,1,25,2026-08-17 14:27:04.833,NULL,2026-08-17 14:27:04.833,NULL,2026-08-17 14:27:04.833
168,3,Vida,NombrePestana,1,1,NULL,0,0,Izquierda,Blue,NULL,1,25,2026-08-17 14:27:04.707,NULL,2026-08-17 14:27:04.707,NULL,2026-08-17 14:27:04.707
169,3,GMM,NombrePestana,1,0,NULL,0,0,Izquierda,Blue,NULL,1,25,2026-08-17 14:27:04.943,NULL,2026-08-17 14:27:04.943,NULL,2026-08-17 14:27:04.943
169,3,Opcionales,NombrePestana,1,2,NULL,0,0,Izquierda,Blue,NULL,1,25,2026-08-17 14:27:05.130,NULL,2026-08-17 14:27:05.130,NULL,2026-08-17 14:27:05.130
169,3,Vida,NombrePestana,1,1,NULL,0,0,Izquierda,Blue,NULL,1,25,2026-08-17 14:27:05.037,NULL,2026-08-17 14:27:05.037,NULL,2026-08-17 14:27:05.037
173,3,GMM,NombrePestana,1,0,NULL,0,0,Izquierda,Blue,NULL,1,25,2026-08-17 14:27:05.257,NULL,2026-08-17 14:27:05.257,NULL,2026-08-17 14:27:05.257
173,3,Opcionales,NombrePestana,1,2,NULL,0,0,Izquierda,Blue,NULL,1,25,2026-08-17 14:27:05.380,NULL,2026-08-17 14:27:05.380,NULL,2026-08-17 14:27:05.380
173,3,Vida,NombrePestana,1,1,NULL,0,0,Izquierda,Blue,NULL,1,25,2026-08-17 14:27:05.333,NULL,2026-08-17 14:27:05.333,NULL,2026-08-17 14:27:05.333
174,3,GMM,NombrePestana,1,0,NULL,0,0,Izquierda,Blue,NULL,1,25,2026-08-17 14:27:05.473,NULL,2026-08-17 14:27:05.473,NULL,2026-08-17 14:27:05.473
174,3,Opcionales,NombrePestana,1,2,NULL,0,0,Izquierda,Blue,NULL,1,25,2026-08-17 14:27:05.630,NULL,2026-08-17 14:27:05.630,NULL,2026-08-17 14:27:05.630
174,3,Vida,NombrePestana,1,1,NULL,0,0,Izquierda,Blue,NULL,1,25,2026-08-17 14:27:05.583,NULL,2026-08-17 14:27:05.583,NULL,2026-08-17 14:27:05.583
177,3,GMM,NombrePestana,1,0,NULL,0,0,Izquierda,Blue,NULL,1,25,2026-08-17 14:27:05.723,NULL,2026-08-17 14:27:05.723,NULL,2026-08-17 14:27:05.723
177,3,Opcionales,NombrePestana,1,2,NULL,0,0,Derecha,Blue,NULL,1,25,2026-08-17 14:27:05.930,NULL,2026-08-17 14:27:05.930,NULL,2026-08-17 14:27:05.930
177,3,Vida,NombrePestana,1,1,NULL,0,0,Derecha,Blue,NULL,1,25,2026-08-17 14:27:05.820,NULL,2026-08-17 14:27:05.820,NULL,2026-08-17 14:27:05.820
178,3,GMM,NombrePestana,1,0,NULL,0,0,Izquierda,Blue,NULL,1,25,2026-08-17 14:27:06.037,NULL,2026-08-17 14:27:06.037,NULL,2026-08-17 14:27:06.037
178,3,Opcionales,NombrePestana,1,2,NULL,0,0,Derecha,Blue,NULL,1,25,2026-08-17 14:27:06.257,NULL,2026-08-17 14:27:06.257,NULL,2026-08-17 14:27:06.257
178,3,Vida,NombrePestana,1,1,NULL,0,0,Derecha,Blue,NULL,1,25,2026-08-17 14:27:06.147,NULL,2026-08-17 14:27:06.147,NULL,2026-08-17 14:27:06.147
180,3,GMM,NombrePestana,1,0,NULL,0,0,Izquierda,Blue,NULL,1,25,2026-08-17 14:27:06.350,NULL,2026-08-17 14:27:06.350,NULL,2026-08-17 14:27:06.350
180,3,Opcionales,NombrePestana,1,2,NULL,0,0,Derecha,Blue,NULL,1,25,2026-08-17 14:27:06.553,NULL,2026-08-17 14:27:06.553,NULL,2026-08-17 14:27:06.553
180,3,Vida,NombrePestana,1,1,NULL,0,0,Derecha,Blue,NULL,1,25,2026-08-17 14:27:06.443,NULL,2026-08-17 14:27:06.443,NULL,2026-08-17 14:27:06.443
186,3,GMM,NombrePestana,1,0,NULL,0,0,Izquierda,Blue,NULL,1,25,2026-08-17 14:26:00.600,NULL,2026-08-17 14:26:00.600,NULL,2026-08-17 14:26:00.600
186,3,Opcionales,NombrePestana,1,2,NULL,0,0,Derecha,Blue,NULL,1,25,2026-08-17 14:26:00.600,NULL,2026-08-17 14:26:00.600,NULL,2026-08-17 14:26:00.600
186,3,Vida,NombrePestana,1,1,NULL,0,0,Derecha,Blue,NULL,1,25,2026-08-17 14:26:00.600,NULL,2026-08-17 14:26:00.600,NULL,2026-08-17 14:26:00.600
187,3,GMM,NombrePestana,1,0,NULL,0,0,Izquierda,Blue,NULL,1,25,2026-08-17 14:27:06.977,NULL,2026-08-17 14:27:06.977,NULL,2026-08-17 14:27:06.977
187,3,Opcionales,NombrePestana,1,2,NULL,0,0,Derecha,Blue,NULL,1,25,2026-08-17 14:27:07.210,NULL,2026-08-17 14:27:07.210,NULL,2026-08-17 14:27:07.210
187,3,Vida,NombrePestana,1,1,NULL,0,0,Derecha,Blue,NULL,1,25,2026-08-17 14:27:07.070,NULL,2026-08-17 14:27:07.070,NULL,2026-08-17 14:27:07.070
191,3,GMM,NombrePestana,1,0,NULL,0,0,Izquierda,Blue,NULL,1,25,2026-08-17 14:27:07.320,NULL,2026-08-17 14:27:07.320,NULL,2026-08-17 14:27:07.320
191,3,Opcionales,NombrePestana,1,2,NULL,0,0,Derecha,Blue,NULL,1,25,2026-08-17 14:27:07.553,NULL,2026-08-17 14:27:07.553,NULL,2026-08-17 14:27:07.553
191,3,Vida,NombrePestana,1,1,NULL,0,0,Derecha,Blue,NULL,1,25,2026-08-17 14:27:07.413,NULL,2026-08-17 14:27:07.413,NULL,2026-08-17 14:27:07.413
197,3,GMM,NombrePestana,1,0,NULL,0,0,Izquierda,Blue,NULL,1,25,2026-08-17 14:27:07.650,NULL,2026-08-17 14:27:07.650,NULL,2026-08-17 14:27:07.650
197,3,Opcionales,NombrePestana,1,2,NULL,0,0,Derecha,Blue,NULL,1,25,2026-08-17 14:27:07.837,NULL,2026-08-17 14:27:07.837,NULL,2026-08-17 14:27:07.837
197,3,Vida,NombrePestana,1,1,NULL,0,0,Derecha,Blue,NULL,1,25,2026-08-17 14:27:07.743,NULL,2026-08-17 14:27:07.743,NULL,2026-08-17 14:27:07.743
199,3,GMM,NombrePestana,1,0,NULL,0,0,Izquierda,Blue,NULL,1,25,2026-08-17 14:27:07.947,NULL,2026-08-17 14:27:07.947,NULL,2026-08-17 14:27:07.947
199,3,Opcionales,NombrePestana,1,2,NULL,0,0,Derecha,Blue,NULL,1,25,2026-08-17 14:27:08.120,NULL,2026-08-17 14:27:08.120,NULL,2026-08-17 14:27:08.120
199,3,Vida,NombrePestana,1,1,NULL,0,0,Derecha,Blue,NULL,1,25,2026-08-17 14:27:08.023,NULL,2026-08-17 14:27:08.023,NULL,2026-08-17 14:27:08.023
214,3,GMM,NombrePestana,1,0,NULL,0,0,Izquierda,Blue,NULL,1,25,2026-08-17 14:27:08.210,NULL,2026-08-17 14:27:08.210,NULL,2026-08-17 14:27:08.210
214,3,Opcionales,NombrePestana,1,2,NULL,0,0,Derecha,Blue,NULL,1,25,2026-08-17 14:27:08.447,NULL,2026-08-17 14:27:08.447,NULL,2026-08-17 14:27:08.447
214,3,Vida,NombrePestana,1,1,NULL,0,0,Derecha,Blue,NULL,1,25,2026-08-17 14:27:08.307,NULL,2026-08-17 14:27:08.307,NULL,2026-08-17 14:27:08.307
218,3,GMM,NombrePestana,1,0,NULL,0,0,Izquierda,Blue,NULL,1,25,2026-08-17 14:27:08.540,NULL,2026-08-17 14:27:08.540,NULL,2026-08-17 14:27:08.540
218,3,Opcionales,NombrePestana,1,2,NULL,0,0,Derecha,Blue,NULL,1,25,2026-08-17 14:27:08.697,NULL,2026-08-17 14:27:08.697,NULL,2026-08-17 14:27:08.697
218,3,Vida,NombrePestana,1,1,NULL,0,0,Derecha,Blue,NULL,1,25,2026-08-17 14:27:08.650,NULL,2026-08-17 14:27:08.650,NULL,2026-08-17 14:27:08.650
236,3,GMM,NombrePestana,1,0,NULL,0,0,Izquierda,Blue,NULL,1,25,2026-08-17 14:27:08.790,NULL,2026-08-17 14:27:08.790,NULL,2026-08-17 14:27:08.790
236,3,Opcionales,NombrePestana,1,2,NULL,0,0,Derecha,Blue,NULL,1,25,2026-08-17 14:27:08.980,NULL,2026-08-17 14:27:08.980,NULL,2026-08-17 14:27:08.980
236,3,Vida,NombrePestana,1,1,NULL,0,0,Derecha,Blue,NULL,1,25,2026-08-17 14:27:08.870,NULL,2026-08-17 14:27:08.870,NULL,2026-08-17 14:27:08.870
238,3,GMM,NombrePestana,1,0,NULL,0,0,Izquierda,Blue,NULL,1,25,2026-08-17 14:27:09.073,NULL,2026-08-17 14:27:09.073,NULL,2026-08-17 14:27:09.073
238,3,Opcionales,NombrePestana,1,2,NULL,0,0,Derecha,Blue,NULL,1,25,2026-08-17 14:27:09.260,NULL,2026-08-17 14:27:09.260,NULL,2026-08-17 14:27:09.260
238,3,Vida,NombrePestana,1,1,NULL,0,0,Derecha,Blue,NULL,1,25,2026-08-17 14:27:09.167,NULL,2026-08-17 14:27:09.167,NULL,2026-08-17 14:27:09.167
248,3,GMM,NombrePestana,1,0,NULL,0,0,Izquierda,Blue,NULL,1,25,2026-08-17 14:27:09.353,NULL,2026-08-17 14:27:09.353,NULL,2026-08-17 14:27:09.353
248,3,Opcionales,NombrePestana,1,2,NULL,0,0,Derecha,Blue,NULL,1,25,2026-08-17 14:27:09.557,NULL,2026-08-17 14:27:09.557,NULL,2026-08-17 14:27:09.557
248,3,Vida,NombrePestana,1,1,NULL,0,0,Derecha,Blue,NULL,1,25,2026-08-17 14:27:09.433,NULL,2026-08-17 14:27:09.433,NULL,2026-08-17 14:27:09.433
249,3,GMM,NombrePestana,1,0,NULL,0,0,Izquierda,Blue,NULL,1,25,2026-08-17 14:27:09.650,NULL,2026-08-17 14:27:09.650,NULL,2026-08-17 14:27:09.650
249,3,Opcionales,NombrePestana,1,2,NULL,0,0,Derecha,Blue,NULL,1,25,2026-08-17 14:27:09.870,NULL,2026-08-17 14:27:09.870,NULL,2026-08-17 14:27:09.870
249,3,Vida,NombrePestana,1,1,NULL,0,0,Derecha,Blue,NULL,1,25,2026-08-17 14:27:09.747,NULL,2026-08-17 14:27:09.747,NULL,2026-08-17 14:27:09.747
256,3,GMM,NombrePestana,1,0,NULL,0,0,Izquierda,Blue,NULL,1,25,2026-08-17 14:27:09.980,NULL,2026-08-17 14:27:09.980,NULL,2026-08-17 14:27:09.980
256,3,Opcionales,NombrePestana,1,2,NULL,0,0,Derecha,Blue,NULL,1,25,2026-08-17 14:27:10.167,NULL,2026-08-17 14:27:10.167,NULL,2026-08-17 14:27:10.167
256,3,Vida,NombrePestana,1,1,NULL,0,0,Derecha,Blue,NULL,1,25,2026-08-17 14:27:10.057,NULL,2026-08-17 14:27:10.057,NULL,2026-08-17 14:27:10.057
257,3,GMM,NombrePestana,1,0,NULL,0,0,Izquierda,Blue,NULL,1,25,2026-08-17 14:27:10.260,NULL,2026-08-17 14:27:10.260,NULL,2026-08-17 14:27:10.260
257,3,Opcionales,NombrePestana,1,2,NULL,0,0,Derecha,Blue,NULL,1,25,2026-08-17 14:27:10.463,NULL,2026-08-17 14:27:10.463,NULL,2026-08-17 14:27:10.463
257,3,Vida,NombrePestana,1,1,NULL,0,0,Derecha,Blue,NULL,1,25,2026-08-17 14:27:10.340,NULL,2026-08-17 14:27:10.340,NULL,2026-08-17 14:27:10.340
261,3,GMM,NombrePestana,1,0,NULL,0,0,Izquierda,Blue,NULL,1,25,2026-08-17 14:27:10.543,NULL,2026-08-17 14:27:10.543,NULL,2026-08-17 14:27:10.543
261,3,Opcionales,NombrePestana,1,2,NULL,0,0,Derecha,Blue,NULL,1,25,2026-08-17 14:27:10.747,NULL,2026-08-17 14:27:10.747,NULL,2026-08-17 14:27:10.747
261,3,Vida,NombrePestana,1,1,NULL,0,0,Derecha,Blue,NULL,1,25,2026-08-17 14:27:10.637,NULL,2026-08-17 14:27:10.637,NULL,2026-08-17 14:27:10.637
262,3,GMM,NombrePestana,1,0,NULL,0,0,Izquierda,Blue,NULL,1,25,2026-08-17 14:27:10.857,NULL,2026-08-17 14:27:10.857,NULL,2026-08-17 14:27:10.857
262,3,Opcionales,NombrePestana,1,2,NULL,0,0,Derecha,Blue,NULL,1,25,2026-08-17 14:27:11.013,NULL,2026-08-17 14:27:11.013,NULL,2026-08-17 14:27:11.013
262,3,Vida,NombrePestana,1,1,NULL,0,0,Derecha,Blue,NULL,1,25,2026-08-17 14:27:10.933,NULL,2026-08-17 14:27:10.933,NULL,2026-08-17 14:27:10.933
288,3,GMM,NombrePestana,1,0,NULL,0,0,Izquierda,Blue,NULL,1,25,2026-08-17 14:27:11.107,NULL,2026-08-17 14:27:11.107,NULL,2026-08-17 14:27:11.107
288,3,Opcionales,NombrePestana,1,2,NULL,0,0,Izquierda,Blue,NULL,1,25,2026-08-17 14:27:11.327,NULL,2026-08-17 14:27:11.327,NULL,2026-08-17 14:27:11.327
288,3,Vida,NombrePestana,1,1,NULL,0,0,Izquierda,Blue,NULL,1,25,2026-08-17 14:27:11.230,NULL,2026-08-17 14:27:11.230,NULL,2026-08-17 14:27:11.230
290,3,GMM,NombrePestana,1,0,NULL,0,0,Izquierda,Blue,NULL,1,25,2026-08-17 14:27:11.420,NULL,2026-08-17 14:27:11.420,NULL,2026-08-17 14:27:11.420
290,3,Opcionales,NombrePestana,1,2,NULL,0,0,Derecha,Blue,NULL,1,25,2026-08-17 14:27:11.670,NULL,2026-08-17 14:27:11.670,NULL,2026-08-17 14:27:11.670
290,3,Vida,NombrePestana,1,1,NULL,0,0,Derecha,Blue,NULL,1,25,2026-08-17 14:27:11.513,NULL,2026-08-17 14:27:11.513,NULL,2026-08-17 14:27:11.513
293,3,GMM,NombrePestana,1,0,NULL,0,0,Izquierda,Blue,NULL,1,25,2026-08-17 14:27:11.747,NULL,2026-08-17 14:27:11.747,NULL,2026-08-17 14:27:11.747
293,3,Opcionales,NombrePestana,1,2,NULL,0,0,Derecha,Blue,NULL,1,25,2026-08-17 14:27:11.950,NULL,2026-08-17 14:27:11.950,NULL,2026-08-17 14:27:11.950
293,3,Vida,NombrePestana,1,1,NULL,0,0,Derecha,Blue,NULL,1,25,2026-08-17 14:27:11.840,NULL,2026-08-17 14:27:11.840,NULL,2026-08-17 14:27:11.840
308,3,GMM,NombrePestana,1,0,NULL,0,0,Izquierda,Blue,NULL,1,25,2026-08-17 14:27:12.060,NULL,2026-08-17 14:27:12.060,NULL,2026-08-17 14:27:12.060
308,3,Opcionales,NombrePestana,1,2,NULL,0,0,Derecha,Blue,NULL,1,25,2026-08-17 14:27:12.293,NULL,2026-08-17 14:27:12.293,NULL,2026-08-17 14:27:12.293
308,3,Vida,NombrePestana,1,1,NULL,0,0,Derecha,Blue,NULL,1,25,2026-08-17 14:27:12.140,NULL,2026-08-17 14:27:12.140,NULL,2026-08-17 14:27:12.140
332,3,GMM,NombrePestana,1,0,NULL,0,0,Izquierda,Blue,NULL,1,25,2026-08-17 14:27:12.420,NULL,2026-08-17 14:27:12.420,NULL,2026-08-17 14:27:12.420
332,3,Opcionales,NombrePestana,1,2,NULL,0,0,Derecha,Blue,NULL,1,25,2026-08-17 14:27:12.577,NULL,2026-08-17 14:27:12.577,NULL,2026-08-17 14:27:12.577
332,3,Vida,NombrePestana,1,1,NULL,0,0,Derecha,Blue,NULL,1,25,2026-08-17 14:27:12.500,NULL,2026-08-17 14:27:12.500,NULL,2026-08-17 14:27:12.500
333,3,GMM,NombrePestana,1,0,NULL,0,0,Izquierda,Blue,NULL,1,25,2026-08-17 14:27:12.670,NULL,2026-08-17 14:27:12.670,NULL,2026-08-17 14:27:12.670
333,3,Opcionales,NombrePestana,1,2,NULL,0,0,Derecha,Blue,NULL,1,25,2026-08-17 14:27:12.843,NULL,2026-08-17 14:27:12.843,NULL,2026-08-17 14:27:12.843
333,3,Vida,NombrePestana,1,1,NULL,0,0,Derecha,Blue,NULL,1,25,2026-08-17 14:27:12.763,NULL,2026-08-17 14:27:12.763,NULL,2026-08-17 14:27:12.763
365,3,GMM,NombrePestana,1,0,NULL,0,0,Izquierda,Blue,NULL,1,25,2026-08-17 14:27:12.937,NULL,2026-08-17 14:27:12.937,NULL,2026-08-17 14:27:12.937
365,3,Opcionales,NombrePestana,1,2,NULL,0,0,Derecha,Blue,NULL,1,25,2026-08-17 14:27:13.110,NULL,2026-08-17 14:27:13.110,NULL,2026-08-17 14:27:13.110
365,3,Vida,NombrePestana,1,1,NULL,0,0,Derecha,Blue,NULL,1,25,2026-08-17 14:27:13.013,NULL,2026-08-17 14:27:13.013,NULL,2026-08-17 14:27:13.013
369,3,GMM,NombrePestana,1,0,NULL,0,0,Izquierda,Blue,NULL,1,25,2026-08-17 14:27:13.203,NULL,2026-08-17 14:27:13.203,NULL,2026-08-17 14:27:13.203
369,3,Opcionales,NombrePestana,1,2,NULL,0,0,Derecha,Blue,NULL,1,25,2026-08-17 14:27:13.407,NULL,2026-08-17 14:27:13.407,NULL,2026-08-17 14:27:13.407
369,3,Vida,NombrePestana,1,1,NULL,0,0,Derecha,Blue,NULL,1,25,2026-08-17 14:27:13.280,NULL,2026-08-17 14:27:13.280,NULL,2026-08-17 14:27:13.280
373,3,GMM,NombrePestana,1,0,NULL,0,0,Izquierda,Blue,NULL,1,25,2026-08-17 14:27:13.500,NULL,2026-08-17 14:27:13.500,NULL,2026-08-17 14:27:13.500
373,3,Opcionales,NombrePestana,1,2,NULL,0,0,Derecha,Blue,NULL,1,25,2026-08-17 14:27:13.720,NULL,2026-08-17 14:27:13.720,NULL,2026-08-17 14:27:13.720
373,3,Vida,NombrePestana,1,1,NULL,0,0,Derecha,Blue,NULL,1,25,2026-08-17 14:27:13.593,NULL,2026-08-17 14:27:13.593,NULL,2026-08-17 14:27:13.593
378,3,GMM,NombrePestana,1,0,NULL,0,0,Izquierda,Blue,NULL,1,25,2026-08-17 14:27:13.830,NULL,2026-08-17 14:27:13.830,NULL,2026-08-17 14:27:13.830
378,3,Opcionales,NombrePestana,1,2,NULL,0,0,Derecha,Blue,NULL,1,25,2026-08-17 14:27:14.017,NULL,2026-08-17 14:27:14.017,NULL,2026-08-17 14:27:14.017
378,3,Vida,NombrePestana,1,1,NULL,0,0,Derecha,Blue,NULL,1,25,2026-08-17 14:27:13.923,NULL,2026-08-17 14:27:13.923,NULL,2026-08-17 14:27:13.923
380,3,GMM,NombrePestana,1,0,NULL,0,0,Izquierda,Blue,NULL,1,25,2026-08-17 14:27:14.110,NULL,2026-08-17 14:27:14.110,NULL,2026-08-17 14:27:14.110
380,3,Opcionales,NombrePestana,1,2,NULL,0,0,Derecha,Blue,NULL,1,25,2026-08-17 14:27:14.330,NULL,2026-08-17 14:27:14.330,NULL,2026-08-17 14:27:14.330
380,3,Vida,NombrePestana,1,1,NULL,0,0,Derecha,Blue,NULL,1,25,2026-08-17 14:27:14.233,NULL,2026-08-17 14:27:14.233,NULL,2026-08-17 14:27:14.233
419,3,GMM,NombrePestana,1,0,NULL,0,0,Izquierda,Blue,NULL,1,25,2026-08-17 14:27:14.440,NULL,2026-08-17 14:27:14.440,NULL,2026-08-17 14:27:14.440
419,3,Opcionales,NombrePestana,1,2,NULL,0,0,Derecha,Blue,NULL,1,25,2026-08-17 14:27:14.627,NULL,2026-08-17 14:27:14.627,NULL,2026-08-17 14:27:14.627
419,3,Vida,NombrePestana,1,1,NULL,0,0,Derecha,Blue,NULL,1,25,2026-08-17 14:27:14.517,NULL,2026-08-17 14:27:14.517,NULL,2026-08-17 14:27:14.517
425,3,GMM,NombrePestana,1,0,NULL,0,0,Izquierda,Blue,NULL,1,25,2026-08-17 14:27:14.720,NULL,2026-08-17 14:27:14.720,NULL,2026-08-17 14:27:14.720
425,3,Opcionales,NombrePestana,1,2,NULL,0,0,Derecha,Blue,NULL,1,25,2026-08-17 14:27:14.953,NULL,2026-08-17 14:27:14.953,NULL,2026-08-17 14:27:14.953
425,3,Vida,NombrePestana,1,1,NULL,0,0,Derecha,Blue,NULL,1,25,2026-08-17 14:27:14.813,NULL,2026-08-17 14:27:14.813,NULL,2026-08-17 14:27:14.813
431,3,GMM,NombrePestana,1,0,NULL,0,0,Derecha,Blue,NULL,1,25,2026-08-17 14:27:15.050,NULL,2026-08-17 14:27:15.050,NULL,2026-08-17 14:27:15.050
431,3,Opcionales,NombrePestana,1,2,NULL,0,0,Derecha,Blue,NULL,1,25,2026-08-17 14:27:15.267,NULL,2026-08-17 14:27:15.267,NULL,2026-08-17 14:27:15.267
431,3,Vida,NombrePestana,1,1,NULL,0,0,Derecha,Blue,NULL,1,25,2026-08-17 14:27:15.157,NULL,2026-08-17 14:27:15.157,NULL,2026-08-17 14:27:15.157
432,3,GMM,NombrePestana,1,0,NULL,0,0,Derecha,Blue,NULL,1,25,2026-08-17 14:27:15.360,NULL,2026-08-17 14:27:15.360,NULL,2026-08-17 14:27:15.360
432,3,Opcionales,NombrePestana,1,2,NULL,0,0,Derecha,Blue,NULL,1,25,2026-08-17 14:27:15.643,NULL,2026-08-17 14:27:15.643,NULL,2026-08-17 14:27:15.643
432,3,Vida,NombrePestana,1,1,NULL,0,0,Derecha,Blue,NULL,1,25,2026-08-17 14:27:15.517,NULL,2026-08-17 14:27:15.517,NULL,2026-08-17 14:27:15.517
434,3,GMM,NombrePestana,1,0,NULL,0,0,Izquierda,Blue,NULL,1,25,2026-08-17 14:27:15.737,NULL,2026-08-17 14:27:15.737,NULL,2026-08-17 14:27:15.737
434,3,Opcionales,NombrePestana,1,2,NULL,0,0,Derecha,Blue,NULL,1,25,2026-08-17 14:27:15.923,NULL,2026-08-17 14:27:15.923,NULL,2026-08-17 14:27:15.923
434,3,Vida,NombrePestana,1,1,NULL,0,0,Derecha,Blue,NULL,1,25,2026-08-17 14:27:15.830,NULL,2026-08-17 14:27:15.830,NULL,2026-08-17 14:27:15.830
439,3,GMM,NombrePestana,1,0,NULL,0,0,Izquierda,Blue,NULL,1,25,2026-08-17 14:27:16.033,NULL,2026-08-17 14:27:16.033,NULL,2026-08-17 14:27:16.033
439,3,Opcionales,NombrePestana,1,2,NULL,0,0,Derecha,Blue,NULL,1,25,2026-08-17 14:27:16.220,NULL,2026-08-17 14:27:16.220,NULL,2026-08-17 14:27:16.220
439,3,Vida,NombrePestana,1,1,NULL,0,0,Derecha,Blue,NULL,1,25,2026-08-17 14:27:16.127,NULL,2026-08-17 14:27:16.127,NULL,2026-08-17 14:27:16.127
443,3,GMM,NombrePestana,1,0,NULL,0,0,Izquierda,Blue,NULL,1,25,2026-08-17 14:27:16.330,NULL,2026-08-17 14:27:16.330,NULL,2026-08-17 14:27:16.330
443,3,Opcionales,NombrePestana,1,2,NULL,0,0,Derecha,Blue,NULL,1,25,2026-08-17 14:27:16.520,NULL,2026-08-17 14:27:16.520,NULL,2026-08-17 14:27:16.520
443,3,Vida,NombrePestana,1,1,NULL,0,0,Derecha,Blue,NULL,1,25,2026-08-17 14:27:16.423,NULL,2026-08-17 14:27:16.423,NULL,2026-08-17 14:27:16.423
444,3,GMM,NombrePestana,1,0,NULL,0,0,Izquierda,Blue,NULL,1,25,2026-08-17 14:27:16.630,NULL,2026-08-17 14:27:16.630,NULL,2026-08-17 14:27:16.630
444,3,Opcionales,NombrePestana,1,2,NULL,0,0,Derecha,Blue,NULL,1,25,2026-08-17 14:27:16.817,NULL,2026-08-17 14:27:16.817,NULL,2026-08-17 14:27:16.817
444,3,Vida,NombrePestana,1,1,NULL,0,0,Derecha,Blue,NULL,1,25,2026-08-17 14:27:16.723,NULL,2026-08-17 14:27:16.723,NULL,2026-08-17 14:27:16.723
445,3,GMM,NombrePestana,1,0,NULL,0,0,Izquierda,Blue,NULL,1,25,2026-08-17 14:27:16.927,NULL,2026-08-17 14:27:16.927,NULL,2026-08-17 14:27:16.927
445,3,Opcionales,NombrePestana,1,2,NULL,0,0,Derecha,Blue,NULL,1,25,2026-08-17 14:27:17.113,NULL,2026-08-17 14:27:17.113,NULL,2026-08-17 14:27:17.113
445,3,Vida,NombrePestana,1,1,NULL,0,0,Derecha,Blue,NULL,1,25,2026-08-17 14:27:17.020,NULL,2026-08-17 14:27:17.020,NULL,2026-08-17 14:27:17.020
446,3,GMM,NombrePestana,1,0,NULL,0,0,Izquierda,Blue,NULL,1,25,2026-08-17 14:27:17.190,NULL,2026-08-17 14:27:17.190,NULL,2026-08-17 14:27:17.190
446,3,Opcionales,NombrePestana,1,2,NULL,0,0,Derecha,Blue,NULL,1,25,2026-08-17 14:27:17.393,NULL,2026-08-17 14:27:17.393,NULL,2026-08-17 14:27:17.393
446,3,Vida,NombrePestana,1,1,NULL,0,0,Derecha,Blue,NULL,1,25,2026-08-17 14:27:17.287,NULL,2026-08-17 14:27:17.287,NULL,2026-08-17 14:27:17.287
479,3,GMM,NombrePestana,1,0,NULL,0,0,Izquierda,Blue,NULL,1,25,2026-08-17 14:27:17.520,NULL,2026-08-17 14:27:17.520,NULL,2026-08-17 14:27:17.520
479,3,Opcionales,NombrePestana,1,2,NULL,0,0,Derecha,Blue,NULL,1,25,2026-08-17 14:27:17.723,NULL,2026-08-17 14:27:17.723,NULL,2026-08-17 14:27:17.723
479,3,Vida,NombrePestana,1,1,NULL,0,0,Derecha,Blue,NULL,1,25,2026-08-17 14:27:17.613,NULL,2026-08-17 14:27:17.613,NULL,2026-08-17 14:27:17.613
498,3,GMM,NombrePestana,1,0,NULL,0,0,Izquierda,Blue,NULL,1,25,2026-08-17 14:27:17.817,NULL,2026-08-17 14:27:17.817,NULL,2026-08-17 14:27:17.817
498,3,Opcionales,NombrePestana,1,2,NULL,0,0,Derecha,Blue,NULL,1,25,2026-08-17 14:27:18.007,NULL,2026-08-17 14:27:18.007,NULL,2026-08-17 14:27:18.007
498,3,Vida,NombrePestana,1,1,NULL,0,0,Derecha,Blue,NULL,1,25,2026-08-17 14:27:17.910,NULL,2026-08-17 14:27:17.910,NULL,2026-08-17 14:27:17.910
506,3,GMM,NombrePestana,1,0,NULL,0,0,Izquierda,Blue,NULL,1,25,2026-08-17 14:27:18.113,NULL,2026-08-17 14:27:18.113,NULL,2026-08-17 14:27:18.113
506,3,Opcionales,NombrePestana,1,2,NULL,0,0,Derecha,Blue,NULL,1,25,2026-08-17 14:27:18.303,NULL,2026-08-17 14:27:18.303,NULL,2026-08-17 14:27:18.303
506,3,Vida,NombrePestana,1,1,NULL,0,0,Derecha,Blue,NULL,1,25,2026-08-17 14:27:18.210,NULL,2026-08-17 14:27:18.210,NULL,2026-08-17 14:27:18.210
517,3,GMM,NombrePestana,1,0,NULL,0,0,Izquierda,Blue,NULL,1,25,2026-08-17 14:27:18.397,NULL,2026-08-17 14:27:18.397,NULL,2026-08-17 14:27:18.397
517,3,Opcionales,NombrePestana,1,2,NULL,0,0,Derecha,Blue,NULL,1,25,2026-08-17 14:27:18.583,NULL,2026-08-17 14:27:18.583,NULL,2026-08-17 14:27:18.583
517,3,Vida,NombrePestana,1,1,NULL,0,0,Derecha,Blue,NULL,1,25,2026-08-17 14:27:18.490,NULL,2026-08-17 14:27:18.490,NULL,2026-08-17 14:27:18.490
518,3,GMM,NombrePestana,1,0,NULL,0,0,Izquierda,Blue,NULL,1,25,2026-08-17 14:27:18.710,NULL,2026-08-17 14:27:18.710,NULL,2026-08-17 14:27:18.710
518,3,Opcionales,NombrePestana,1,2,NULL,0,0,Derecha,Blue,NULL,1,25,2026-08-17 14:27:18.897,NULL,2026-08-17 14:27:18.897,NULL,2026-08-17 14:27:18.897
518,3,Vida,NombrePestana,1,1,NULL,0,0,Derecha,Blue,NULL,1,25,2026-08-17 14:27:18.787,NULL,2026-08-17 14:27:18.787,NULL,2026-08-17 14:27:18.787
546,3,GMM,NombrePestana,1,0,NULL,0,0,Izquierda,Blue,NULL,1,25,2026-08-17 14:27:18.990,NULL,2026-08-17 14:27:18.990,NULL,2026-08-17 14:27:18.990
546,3,Opcionales,NombrePestana,1,2,NULL,0,0,Derecha,Blue,NULL,1,25,2026-08-17 14:27:19.193,NULL,2026-08-17 14:27:19.193,NULL,2026-08-17 14:27:19.193
546,3,Vida,NombrePestana,1,1,NULL,0,0,Derecha,Blue,NULL,1,25,2026-08-17 14:27:19.100,NULL,2026-08-17 14:27:19.100,NULL,2026-08-17 14:27:19.100
547,3,GMM,NombrePestana,1,0,NULL,0,0,Izquierda,Blue,NULL,1,25,2026-08-17 14:27:19.320,NULL,2026-08-17 14:27:19.320,NULL,2026-08-17 14:27:19.320
547,3,Opcionales,NombrePestana,1,2,NULL,0,0,Derecha,Blue,NULL,1,25,2026-08-17 14:27:19.523,NULL,2026-08-17 14:27:19.523,NULL,2026-08-17 14:27:19.523
547,3,Vida,NombrePestana,1,1,NULL,0,0,Derecha,Blue,NULL,1,25,2026-08-17 14:27:19.413,NULL,2026-08-17 14:27:19.413,NULL,2026-08-17 14:27:19.413
548,3,GMM,NombrePestana,1,0,NULL,0,0,Izquierda,Blue,NULL,1,25,2026-08-17 14:27:19.617,NULL,2026-08-17 14:27:19.617,NULL,2026-08-17 14:27:19.617
548,3,Opcionales,NombrePestana,1,2,NULL,0,0,Derecha,Blue,NULL,1,25,2026-08-17 14:27:20.053,NULL,2026-08-17 14:27:20.053,NULL,2026-08-17 14:27:20.053
548,3,Vida,NombrePestana,1,1,NULL,0,0,Derecha,Blue,NULL,1,25,2026-08-17 14:27:19.803,NULL,2026-08-17 14:27:19.803,NULL,2026-08-17 14:27:19.803
581,3,GMM,NombrePestana,1,0,NULL,0,0,Izquierda,Blue,NULL,1,25,2026-08-17 14:27:20.320,NULL,2026-08-17 14:27:20.320,NULL,2026-08-17 14:27:20.320
581,3,Opcionales,NombrePestana,1,2,NULL,0,0,Derecha,Blue,NULL,1,25,2026-08-17 14:27:20.523,NULL,2026-08-17 14:27:20.523,NULL,2026-08-17 14:27:20.523
581,3,Vida,NombrePestana,1,1,NULL,0,0,Derecha,Blue,NULL,1,25,2026-08-17 14:27:20.413,NULL,2026-08-17 14:27:20.413,NULL,2026-08-17 14:27:20.413
582,3,GMM,NombrePestana,1,0,NULL,0,0,Izquierda,Blue,NULL,1,25,2026-08-17 14:27:20.680,NULL,2026-08-17 14:27:20.680,NULL,2026-08-17 14:27:20.680
582,3,Opcionales,NombrePestana,1,2,NULL,0,0,Derecha,Blue,NULL,1,25,2026-08-17 14:27:20.867,NULL,2026-08-17 14:27:20.867,NULL,2026-08-17 14:27:20.867
582,3,Vida,NombrePestana,1,1,NULL,0,0,Derecha,Blue,NULL,1,25,2026-08-17 14:27:20.760,NULL,2026-08-17 14:27:20.760,NULL,2026-08-17 14:27:20.760
676,3,GMM,NombrePestana,1,0,NULL,0,0,Derecha,Blue,NULL,1,25,2026-08-17 14:27:20.960,NULL,2026-08-17 14:27:20.960,NULL,2026-08-17 14:27:20.960
676,3,Opcionales,NombrePestana,1,2,NULL,0,0,Derecha,Blue,NULL,1,25,2026-08-17 14:27:21.227,NULL,2026-08-17 14:27:21.227,NULL,2026-08-17 14:27:21.227
676,3,Vida,NombrePestana,1,1,NULL,0,0,Derecha,Blue,NULL,1,25,2026-08-17 14:27:21.103,NULL,2026-08-17 14:27:21.103,NULL,2026-08-17 14:27:21.103
677,3,GMM,NombrePestana,1,0,NULL,0,0,Derecha,Blue,NULL,1,25,2026-08-17 14:27:21.353,NULL,2026-08-17 14:27:21.353,NULL,2026-08-17 14:27:21.353
677,3,Opcionales,NombrePestana,1,2,NULL,0,0,Derecha,Blue,NULL,1,25,2026-08-17 14:27:21.570,NULL,2026-08-17 14:27:21.570,NULL,2026-08-17 14:27:21.570
677,3,Vida,NombrePestana,1,1,NULL,0,0,Derecha,Blue,NULL,1,25,2026-08-17 14:27:21.477,NULL,2026-08-17 14:27:21.477,NULL,2026-08-17 14:27:21.477
678,3,GMM,NombrePestana,1,0,NULL,0,0,Derecha,Blue,NULL,1,25,2026-08-17 14:27:21.680,NULL,2026-08-17 14:27:21.680,NULL,2026-08-17 14:27:21.680
678,3,Opcionales,NombrePestana,1,2,NULL,0,0,Derecha,Blue,NULL,1,25,2026-08-17 14:27:21.917,NULL,2026-08-17 14:27:21.917,NULL,2026-08-17 14:27:21.917
678,3,Vida,NombrePestana,1,1,NULL,0,0,Derecha,Blue,NULL,1,25,2026-08-17 14:27:21.807,NULL,2026-08-17 14:27:21.807,NULL,2026-08-17 14:27:21.807
679,3,GMM,NombrePestana,1,0,NULL,0,0,Derecha,Blue,NULL,1,25,2026-08-17 14:27:22.010,NULL,2026-08-17 14:27:22.010,NULL,2026-08-17 14:27:22.010
679,3,Opcionales,NombrePestana,1,2,NULL,0,0,Derecha,Blue,NULL,1,25,2026-08-17 14:27:22.230,NULL,2026-08-17 14:27:22.230,NULL,2026-08-17 14:27:22.230
679,3,Vida,NombrePestana,1,1,NULL,0,0,Derecha,Blue,NULL,1,25,2026-08-17 14:27:22.120,NULL,2026-08-17 14:27:22.120,NULL,2026-08-17 14:27:22.120
680,3,GMM,NombrePestana,1,0,NULL,0,0,Derecha,Blue,NULL,1,25,2026-08-17 14:27:22.323,NULL,2026-08-17 14:27:22.323,NULL,2026-08-17 14:27:22.323
680,3,Opcionales,NombrePestana,1,2,NULL,0,0,Derecha,Blue,NULL,1,25,2026-08-17 14:27:22.573,NULL,2026-08-17 14:27:22.573,NULL,2026-08-17 14:27:22.573
680,3,Vida,NombrePestana,1,1,NULL,0,0,Derecha,Blue,NULL,1,25,2026-08-17 14:27:22.447,NULL,2026-08-17 14:27:22.447,NULL,2026-08-17 14:27:22.447
684,3,GMM,NombrePestana,1,0,NULL,0,0,Izquierda,Blue,NULL,1,25,2026-08-17 14:27:22.667,NULL,2026-08-17 14:27:22.667,NULL,2026-08-17 14:27:22.667
684,3,Opcionales,NombrePestana,1,2,NULL,0,0,Derecha,Blue,NULL,1,25,2026-08-17 14:27:22.870,NULL,2026-08-17 14:27:22.870,NULL,2026-08-17 14:27:22.870
684,3,Vida,NombrePestana,1,1,NULL,0,0,Derecha,Blue,NULL,1,25,2026-08-17 14:27:22.760,NULL,2026-08-17 14:27:22.760,NULL,2026-08-17 14:27:22.760
856,3,GMM,NombrePestana,1,0,NULL,0,0,Izquierda,Blue,NULL,1,25,2026-08-17 14:27:22.950,NULL,2026-08-17 14:27:22.950,NULL,2026-08-17 14:27:22.950
856,3,Opcionales,NombrePestana,1,2,NULL,0,0,Derecha,Blue,NULL,1,25,2026-08-17 14:27:23.120,NULL,2026-08-17 14:27:23.120,NULL,2026-08-17 14:27:23.120
856,3,Vida,NombrePestana,1,1,NULL,0,0,Derecha,Blue,NULL,1,25,2026-08-17 14:27:23.043,NULL,2026-08-17 14:27:23.043,NULL,2026-08-17 14:27:23.043
857,3,GMM,NombrePestana,1,0,NULL,0,0,Izquierda,Blue,NULL,1,25,2026-08-17 14:27:23.200,NULL,2026-08-17 14:27:23.200,NULL,2026-08-17 14:27:23.200
857,3,Opcionales,NombrePestana,1,2,NULL,0,0,Derecha,Blue,NULL,1,25,2026-08-17 14:27:23.357,NULL,2026-08-17 14:27:23.357,NULL,2026-08-17 14:27:23.357
857,3,Vida,NombrePestana,1,1,NULL,0,0,Derecha,Blue,NULL,1,25,2026-08-17 14:27:23.277,NULL,2026-08-17 14:27:23.277,NULL,2026-08-17 14:27:23.277
900,3,GMM,NombrePestana,1,0,NULL,0,0,Izquierda,Blue,NULL,1,25,2026-08-17 14:27:23.450,NULL,2026-08-17 14:27:23.450,NULL,2026-08-17 14:27:23.450
900,3,Opcionales,NombrePestana,1,2,NULL,0,0,Derecha,Blue,NULL,1,25,2026-08-17 14:27:23.607,NULL,2026-08-17 14:27:23.607,NULL,2026-08-17 14:27:23.607
900,3,Vida,NombrePestana,1,1,NULL,0,0,Derecha,Blue,NULL,1,25,2026-08-17 14:27:23.527,NULL,2026-08-17 14:27:23.527,NULL,2026-08-17 14:27:23.527
1038,3,GMM,NombrePestana,1,0,NULL,NULL,NULL,Derecha,#0D6EFD,White,1,0,2026-08-24 23:05:00.050,NULL,2026-08-24 23:05:00.050,NULL,2026-08-24 23:05:00.050
1038,3,OPC,NombrePestana,1,2,NULL,NULL,NULL,Derecha,#0D6EFD,White,1,0,2026-08-24 23:05:00.050,NULL,2026-08-24 23:05:00.050,NULL,2026-08-24 23:05:00.050
1038,3,Vida,NombrePestana,1,1,NULL,NULL,NULL,Derecha,#0D6EFD,White,1,0,2026-08-24 23:05:00.050,NULL,2026-08-24 23:05:00.050,NULL,2026-08-24 23:05:00.050
1039,3,GMM,NombrePestana,1,0,NULL,NULL,NULL,Derecha,#0D6EFD,White,1,0,2026-08-25 11:41:11.993,NULL,2026-08-25 11:41:11.993,NULL,2026-08-25 11:41:11.993
