Caso,NumeroEmpleado,Usado,FlujoEsperado,PlantillaEsperada,StoredProcedureEsperado,NumeroPosiciones,Cadena
BF2-01,QADLB201,NO,BF2,507,ff_XCMTitularesAltaCMDeloitte,32,S001|QADLB201|STAFF 5/8|PRUEBABF201|PRUEBA|DELOITTE|01/01/1990|M|01/09/2026|3||28/09/2026|QADB900101HDFRFA01|QAB900101A01|0|CIUDAD DE MEXICO|91000000001|STAFF 5/8|35007|MEX|MEX|STAFF|qa.bf2.01@dummy.mx|DOMICILIO DUMMY 01||0|||0|0|4|00000
BF2-02,QADLB202,NO,BF2,507,ff_XCMTitularesAltaCMDeloitte,32,S001|QADLB202|STAFF 5/8|PRUEBABF202|PRUEBA|DELOITTE|02/01/1990|F|01/09/2026|3||28/09/2026|QADB900102MDFRFA02|QAB900102A02|0|CIUDAD DE MEXICO|91000000002|STAFF 5/8|35007|MEX|MEX|STAFF|qa.bf2.02@dummy.mx|DOMICILIO DUMMY 02||0|||0|0|4|00000
BF2-03,QADLB203,NO,BF2,507,ff_XCMTitularesAltaCMDeloitte,32,S001|QADLB203|STAFF 5/8|PRUEBABF203|PRUEBA|DELOITTE|03/01/1990|M|01/09/2026|3||28/09/2026|QADB900103HDFRFA03|QAB900103A03|0|CIUDAD DE MEXICO|91000000003|STAFF 5/8|35007|MEX|MEX|STAFF|qa.bf2.03@dummy.mx|DOMICILIO DUMMY 03||0|||0|0|4|00000
BF2-04,QADLB204,NO,BF2,507,ff_XCMTitularesAltaCMDeloitte,32,S001|QADLB204|STAFF 5/8|PRUEBABF204|PRUEBA|DELOITTE|04/01/1990|F|01/09/2026|3||28/09/2026|QADB900104MDFRFA04|QAB900104A04|0|CIUDAD DE MEXICO|91000000004|STAFF 5/8|35007|MEX|MEX|STAFF|qa.bf2.04@dummy.mx|DOMICILIO DUMMY 04||0|||0|0|4|00000
BF2-05,QADLB205,NO,BF2,507,ff_XCMTitularesAltaCMDeloitte,32,S001|QADLB205|STAFF 5/8|PRUEBABF205|PRUEBA|DELOITTE|05/01/1990|M|01/09/2026|3||28/09/2026|QADB900105HDFRFA05|QAB900105A05|0|CIUDAD DE MEXICO|91000000005|STAFF 5/8|35007|MEX|MEX|STAFF|qa.bf2.05@dummy.mx|DOMICILIO DUMMY 05||0|||0|0|4|00000
BF2-06,QADLB206,NO,BF2,507,ff_XCMTitularesAltaCMDeloitte,32,S001|QADLB206|STAFF 5/8|PRUEBABF206|PRUEBA|DELOITTE|06/01/1990|F|01/09/2026|3||28/09/2026|QADB900106MDFRFA06|QAB900106A06|0|CIUDAD DE MEXICO|91000000006|STAFF 5/8|35007|MEX|MEX|STAFF|qa.bf2.06@dummy.mx|DOMICILIO DUMMY 06||0|||0|0|4|00000
BF2-07,QADLB207,NO,BF2,507,ff_XCMTitularesAltaCMDeloitte,32,S001|QADLB207|STAFF 5/8|PRUEBABF207|PRUEBA|DELOITTE|07/01/1990|M|01/09/2026|3||28/09/2026|QADB900107HDFRFA07|QAB900107A07|0|CIUDAD DE MEXICO|91000000007|STAFF 5/8|35007|MEX|MEX|STAFF|qa.bf2.07@dummy.mx|DOMICILIO DUMMY 07||0|||0|0|4|00000
BF2-08,QADLB208,NO,BF2,507,ff_XCMTitularesAltaCMDeloitte,32,S001|QADLB208|STAFF 5/8|PRUEBABF208|PRUEBA|DELOITTE|08/01/1990|F|01/09/2026|3||28/09/2026|QADB900108MDFRFA08|QAB900108A08|0|CIUDAD DE MEXICO|91000000008|STAFF 5/8|35007|MEX|MEX|STAFF|qa.bf2.08@dummy.mx|DOMICILIO DUMMY 08||0|||0|0|4|00000
BF2-09,QADLB209,NO,BF2,507,ff_XCMTitularesAltaCMDeloitte,32,S001|QADLB209|STAFF 5/8|PRUEBABF209|PRUEBA|DELOITTE|09/01/1990|M|01/09/2026|3||28/09/2026|QADB900109HDFRFA09|QAB900109A09|0|CIUDAD DE MEXICO|91000000009|STAFF 5/8|35007|MEX|MEX|STAFF|qa.bf2.09@dummy.mx|DOMICILIO DUMMY 09||0|||0|0|4|00000
BF2-10,QADLB210,NO,BF2,507,ff_XCMTitularesAltaCMDeloitte,32,S001|QADLB210|STAFF 5/8|PRUEBABF210|PRUEBA|DELOITTE|10/01/1990|F|01/09/2026|3||28/09/2026|QADB900110MDFRFA10|QAB900110A10|0|CIUDAD DE MEXICO|91000000010|STAFF 5/8|35007|MEX|MEX|STAFF|qa.bf2.10@dummy.mx|DOMICILIO DUMMY 10||0|||0|0|4|00000
BF2-11,QADLB211,NO,BF2,507,ff_XCMTitularesAltaCMDeloitte,32,S001|QADLB211|STAFF 5/8|PRUEBABF211|PRUEBA|DELOITTE|11/01/1990|M|01/09/2026|3||28/09/2026|QADB900111HDFRFA11|QAB900111A11|0|CIUDAD DE MEXICO|91000000011|STAFF 5/8|35007|MEX|MEX|STAFF|qa.bf2.11@dummy.mx|DOMICILIO DUMMY 11||0|||0|0|4|00000
BF2-12,QADLB212,NO,BF2,507,ff_XCMTitularesAltaCMDeloitte,32,S001|QADLB212|STAFF 5/8|PRUEBABF212|PRUEBA|DELOITTE|12/01/1990|F|01/09/2026|3||28/09/2026|QADB900112MDFRFA12|QAB900112A12|0|CIUDAD DE MEXICO|91000000012|STAFF 5/8|35007|MEX|MEX|STAFF|qa.bf2.12@dummy.mx|DOMICILIO DUMMY 12||0|||0|0|4|00000
BF2-13,QADLB213,NO,BF2,507,ff_XCMTitularesAltaCMDeloitte,32,S001|QADLB213|STAFF 5/8|PRUEBABF213|PRUEBA|DELOITTE|13/01/1990|M|01/09/2026|3||28/09/2026|QADB900113HDFRFA13|QAB900113A13|0|CIUDAD DE MEXICO|91000000013|STAFF 5/8|35007|MEX|MEX|STAFF|qa.bf2.13@dummy.mx|DOMICILIO DUMMY 13||0|||0|0|4|00000
BF2-14,QADLB214,NO,BF2,507,ff_XCMTitularesAltaCMDeloitte,32,S001|QADLB214|STAFF 5/8|PRUEBABF214|PRUEBA|DELOITTE|14/01/1990|F|01/09/2026|3||28/09/2026|QADB900114MDFRFA14|QAB900114A14|0|CIUDAD DE MEXICO|91000000014|STAFF 5/8|35007|MEX|MEX|STAFF|qa.bf2.14@dummy.mx|DOMICILIO DUMMY 14||0|||0|0|4|00000
BF2-15,QADLB215,NO,BF2,507,ff_XCMTitularesAltaCMDeloitte,32,S001|QADLB215|STAFF 5/8|PRUEBABF215|PRUEBA|DELOITTE|15/01/1990|M|01/09/2026|3||28/09/2026|QADB900115HDFRFA15|QAB900115A15|0|CIUDAD DE MEXICO|91000000015|STAFF 5/8|35007|MEX|MEX|STAFF|qa.bf2.15@dummy.mx|DOMICILIO DUMMY 15||0|||0|0|4|00000
BF3-01,QADLB301,NO,BF3,12062,ff_XCMTitularesAltaCMM_BF3,23,186|678|MASCULINO|QADLB301|PRUEBA|DELOITTE|PRUEBABF301||01/02/1990|01/09/2026||QAC900201A01|10000|PRUEBA QA BF3|CERTQA01|28/09/2026||||STAFF 5/8|QADB900201HDFRFA01|01/09/2026|qa.bf3.01@dummy.mx
BF3-02,QADLB302,NO,BF3,12062,ff_XCMTitularesAltaCMM_BF3,23,186|678|FEMENINO|QADLB302|PRUEBA|DELOITTE|PRUEBABF302||02/02/1990|01/09/2026||QAC900202A02|10000|PRUEBA QA BF3|CERTQA02|28/09/2026||||STAFF 5/8|QADB900202MDFRFA02|01/09/2026|qa.bf3.02@dummy.mx
BF3-03,QADLB303,NO,BF3,12062,ff_XCMTitularesAltaCMM_BF3,23,186|678|MASCULINO|QADLB303|PRUEBA|DELOITTE|PRUEBABF303||03/02/1990|01/09/2026||QAC900203A03|10000|PRUEBA QA BF3|CERTQA03|28/09/2026||||STAFF 5/8|QADB900203HDFRFA03|01/09/2026|qa.bf3.03@dummy.mx
BF3-04,QADLB304,NO,BF3,12062,ff_XCMTitularesAltaCMM_BF3,23,186|678|FEMENINO|QADLB304|PRUEBA|DELOITTE|PRUEBABF304||04/02/1990|01/09/2026||QAC900204A04|10000|PRUEBA QA BF3|CERTQA04|28/09/2026||||STAFF 5/8|QADB900204MDFRFA04|01/09/2026|qa.bf3.04@dummy.mx
BF3-05,QADLB305,NO,BF3,12062,ff_XCMTitularesAltaCMM_BF3,23,186|678|MASCULINO|QADLB305|PRUEBA|DELOITTE|PRUEBABF305||05/02/1990|01/09/2026||QAC900205A05|10000|PRUEBA QA BF3|CERTQA05|28/09/2026||||STAFF 5/8|QADB900205HDFRFA05|01/09/2026|qa.bf3.05@dummy.mx
BF3-06,QADLB306,NO,BF3,12062,ff_XCMTitularesAltaCMM_BF3,23,186|678|FEMENINO|QADLB306|PRUEBA|DELOITTE|PRUEBABF306||06/02/1990|01/09/2026||QAC900206A06|10000|PRUEBA QA BF3|CERTQA06|28/09/2026||||STAFF 5/8|QADB900206MDFRFA06|01/09/2026|qa.bf3.06@dummy.mx
BF3-07,QADLB307,NO,BF3,12062,ff_XCMTitularesAltaCMM_BF3,23,186|678|MASCULINO|QADLB307|PRUEBA|DELOITTE|PRUEBABF307||07/02/1990|01/09/2026||QAC900207A07|10000|PRUEBA QA BF3|CERTQA07|28/09/2026||||STAFF 5/8|QADB900207HDFRFA07|01/09/2026|qa.bf3.07@dummy.mx
BF3-08,QADLB308,NO,BF3,12062,ff_XCMTitularesAltaCMM_BF3,23,186|678|FEMENINO|QADLB308|PRUEBA|DELOITTE|PRUEBABF308||08/02/1990|01/09/2026||QAC900208A08|10000|PRUEBA QA BF3|CERTQA08|28/09/2026||||STAFF 5/8|QADB900208MDFRFA08|01/09/2026|qa.bf3.08@dummy.mx
BF3-09,QADLB309,NO,BF3,12062,ff_XCMTitularesAltaCMM_BF3,23,186|678|MASCULINO|QADLB309|PRUEBA|DELOITTE|PRUEBABF309||09/02/1990|01/09/2026||QAC900209A09|10000|PRUEBA QA BF3|CERTQA09|28/09/2026||||STAFF 5/8|QADB900209HDFRFA09|01/09/2026|qa.bf3.09@dummy.mx
BF3-10,QADLB310,NO,BF3,12062,ff_XCMTitularesAltaCMM_BF3,23,186|678|FEMENINO|QADLB310|PRUEBA|DELOITTE|PRUEBABF310||10/02/1990|01/09/2026||QAC900210A10|10000|PRUEBA QA BF3|CERTQA10|28/09/2026||||STAFF 5/8|QADB900210MDFRFA10|01/09/2026|qa.bf3.10@dummy.mx
BF3-11,QADLB311,NO,BF3,12062,ff_XCMTitularesAltaCMM_BF3,23,186|678|MASCULINO|QADLB311|PRUEBA|DELOITTE|PRUEBABF311||11/02/1990|01/09/2026||QAC900211A11|10000|PRUEBA QA BF3|CERTQA11|28/09/2026||||STAFF 5/8|QADB900211HDFRFA11|01/09/2026|qa.bf3.11@dummy.mx
BF3-12,QADLB312,NO,BF3,12062,ff_XCMTitularesAltaCMM_BF3,23,186|678|FEMENINO|QADLB312|PRUEBA|DELOITTE|PRUEBABF312||12/02/1990|01/09/2026||QAC900212A12|10000|PRUEBA QA BF3|CERTQA12|28/09/2026||||STAFF 5/8|QADB900212MDFRFA12|01/09/2026|qa.bf3.12@dummy.mx
BF3-13,QADLB313,NO,BF3,12062,ff_XCMTitularesAltaCMM_BF3,23,186|678|MASCULINO|QADLB313|PRUEBA|DELOITTE|PRUEBABF313||13/02/1990|01/09/2026||QAC900213A13|10000|PRUEBA QA BF3|CERTQA13|28/09/2026||||STAFF 5/8|QADB900213HDFRFA13|01/09/2026|qa.bf3.13@dummy.mx
BF3-14,QADLB314,NO,BF3,12062,ff_XCMTitularesAltaCMM_BF3,23,186|678|FEMENINO|QADLB314|PRUEBA|DELOITTE|PRUEBABF314||14/02/1990|01/09/2026||QAC900214A14|10000|PRUEBA QA BF3|CERTQA14|28/09/2026||||STAFF 5/8|QADB900214MDFRFA14|01/09/2026|qa.bf3.14@dummy.mx
BF3-15,QADLB315,NO,BF3,12062,ff_XCMTitularesAltaCMM_BF3,23,186|678|MASCULINO|QADLB315|PRUEBA|DELOITTE|PRUEBABF315||15/02/1990|01/09/2026||QAC900215A15|10000|PRUEBA QA BF3|CERTQA15|28/09/2026||||STAFF 5/8|QADB900215HDFRFA15|01/09/2026|qa.bf3.15@dummy.mx
