22296,33123,Cristo Rey,Rosales,055,7806
22761,33186,La Laguna de los Muertos (San Benito),Guachochi,027,8892
45097,38427,Villadiego,Valle de Santiago,042,7806
46457,38958,Santa Lucía,Yuriria,046,8892
69939,55880,San José,Acolman,084,8892
70097,55980,San José,Temascalapa,099,7806
99935,74895,El Reparo,Guadalupe,066,7806
119408,84130,Agua Caliente (Elías),Imuris,035,7806
124889,85775,El Sombrerito,Alamos,003,8892
136533,94254,Paso Solis,Manlio Fabio Altamirano,100,7806
140287,96290,Niños Héroes,Jáltipan,089,8892
